cue,numFlash,targetLoc,ISI,response,RT,accuracy,sub,SDT
0,1,3,23,1,0.00314865799737163,1,att,CR
1,2,13,23,2,0.00476495499606244,1,att,HI
1,2,16,11,1,0.00331654501496814,0,att,MI
1,2,0,11,1,0.00188424301450141,0,att,MI
1,2,13,35,2,0.00212178300716914,1,att,HI
1,1,3,23,1,0.00170822397922166,1,att,CR
1,2,3,23,2,0.00180730997817591,1,att,HI
1,1,3,11,1,0.00196838899864815,1,att,CR
1,1,13,11,1,0.00169297601678409,1,att,CR
0,2,16,35,2,0.00198555900715292,1,att,HI
0,1,16,23,1,0.0017927479930222,1,att,CR
1,2,16,11,2,0.00187531299889088,1,att,HI
0,1,16,23,1,0.00173272998654284,1,att,CR
0,2,3,11,1,0.00177619099849835,0,att,MI
1,1,16,35,1,0.00176292998366989,1,att,CR
0,2,16,23,2,0.00203480999334715,1,att,HI
1,1,0,35,1,0.00172012101393193,1,att,CR
1,1,16,11,1,0.00174637697637081,1,att,CR
0,2,3,11,1,0.00189724698429927,0,att,MI
0,1,0,23,1,0.00206089200219139,1,att,CR
0,2,16,11,1,0.00197015900630504,0,att,MI
0,2,13,11,2,0.00186872799531557,1,att,HI
1,2,16,11,1,0.00177726399851963,0,att,MI
0,2,0,11,1,0.00177049500052817,0,att,MI
0,1,9,23,1,0.00191278199781664,1,att,CR
0,2,16,35,2,0.00203000800684094,1,att,HI
0,1,13,23,1,0.00204737400054,1,att,CR
0,2,16,11,2,0.00176193501101807,1,att,HI
0,1,13,11,1,0.00219582600402646,1,att,CR
0,1,3,23,1,0.00219905999256298,1,att,CR
0,2,13,23,2,0.00203958101337776,1,att,HI
1,1,3,35,1,0.00191001399070956,1,att,CR
0,2,0,23,1,0.00200712698278949,0,att,MI
0,1,9,35,1,0.00195782698574476,1,att,CR
0,1,16,11,1,0.00175810497603379,1,att,CR
1,2,16,23,2,0.00171356499777175,1,att,HI
1,2,0,23,1,0.00178833698737435,0,att,MI
1,1,16,23,1,0.00186097400728613,1,att,CR
1,2,16,23,2,0.00181672899634577,1,att,HI
1,1,3,11,1,0.00174055199022405,1,att,CR
0,1,3,35,1,0.00210522799170576,1,att,CR
1,1,13,11,1,0.00205111500690691,1,att,CR
0,2,9,35,2,0.00174586899811402,1,att,HI
1,2,3,35,2,0.0017785329837352,1,att,HI
1,1,13,23,1,0.00191742499009706,1,att,CR
0,1,16,23,1,0.00167461298406124,1,att,CR
0,2,13,35,2,0.00187150097917765,1,att,HI
0,2,9,23,1,0.00185554500785656,0,att,MI
0,2,16,23,2,0.00174256498576142,1,att,HI
0,1,16,23,1,0.00193311099428684,1,att,CR
1,2,0,11,1,0.00187569600529969,0,att,MI
1,2,16,35,1,0.00169166500563733,0,att,MI
0,2,13,23,2,0.00168523899628781,1,att,HI
0,2,16,35,2,0.00249450697447173,1,att,HI
0,2,9,23,2,0.00191707100020722,1,att,HI
1,2,3,11,1,0.00172137099434622,0,att,MI
0,1,16,23,1,0.0017667289939709,1,att,CR
0,1,9,23,1,0.00171809198218398,1,att,CR
0,2,9,11,2,0.00241737501346506,1,att,HI
1,2,3,11,1,0.00184280599933118,0,att,MI
0,2,16,35,2,0.00181550800334662,1,att,HI
1,1,0,35,1,0.00168671700521372,1,att,CR
0,2,9,11,2,0.00182175400550477,1,att,HI
1,2,3,23,1,0.00177635700674728,0,att,MI
0,1,9,23,1,0.00200929798302241,1,att,CR
1,2,16,11,1,0.00185105699347332,0,att,MI
0,1,16,11,1,0.00190978200407699,1,att,CR
0,1,16,35,1,0.00176976399961859,1,att,CR
1,2,13,35,2,0.00169968200498261,1,att,HI
1,1,16,35,1,0.00185023600351997,1,att,CR
0,2,16,35,2,0.00186072901124135,1,att,HI
0,1,16,35,1,0.00175941700581461,1,att,CR
1,1,3,35,1,0.00187808100599796,1,att,CR
1,1,16,23,1,0.00213342902134173,1,att,CR
0,2,3,35,2,0.00175320499693044,1,att,HI
0,2,9,35,2,0.0020736189908348,1,att,HI
1,2,9,35,2,0.00177729298593476,1,att,HI
1,2,13,23,2,0.0017904760024976,1,att,HI
0,2,16,23,2,0.00184608000563458,1,att,HI
1,1,13,23,1,0.00191149601596408,1,att,CR
1,2,3,35,2,0.00178541199420579,1,att,HI
0,1,0,23,1,0.0019559130014386,1,att,CR
1,2,13,35,2,0.00175813198438846,1,att,HI
1,2,16,23,2,0.00183162902249023,1,att,HI
0,1,0,35,1,0.00170445098774508,1,att,CR
1,1,0,23,1,0.00195657901349477,1,att,CR
0,1,13,35,1,0.00186546499026008,1,att,CR
1,1,16,11,1,0.00196058099390939,1,att,CR
0,2,16,23,2,0.00176758301677182,1,att,HI
1,2,16,35,2,0.00174440498813055,1,att,HI
1,2,16,11,1,0.00169311300851405,0,att,MI
0,2,0,35,2,0.00228551801410504,1,att,HI
0,1,3,11,1,0.00184596999315545,1,att,CR
0,2,16,11,2,0.00193113801651634,1,att,HI
1,2,3,35,2,0.00175534200388938,1,att,HI
0,1,9,11,1,0.00190309999743477,1,att,CR
0,1,3,11,1,0.00178046297514811,1,att,CR
1,1,16,11,1,0.00219617900438607,1,att,CR
0,2,0,11,1,0.00167791300918907,0,att,MI
0,1,0,35,1,0.00171998399309814,1,att,CR
0,1,16,35,1,0.00172342301812023,1,att,CR
1,1,16,11,1,0.00216110801557079,1,att,CR
0,2,3,35,1,0.00188576400978491,0,att,MI
0,1,16,35,1,0.00195296300807968,1,att,CR
1,1,9,35,1,0.00217660499038175,1,att,CR
0,1,3,23,1,0.00182987700100057,1,att,CR
1,2,0,35,2,0.00210695000714622,1,att,HI
1,2,9,35,2,0.00170865698601119,1,att,HI
0,1,16,11,1,0.00201651599491015,1,att,CR
1,2,13,11,1,0.00211734502227046,0,att,MI
0,1,3,35,1,0.00173671299125999,1,att,CR
1,1,9,23,1,0.00180031300988048,1,att,CR
1,2,13,11,2,0.00181017798604444,1,att,HI
0,2,16,23,2,0.0017919450183399,1,att,HI
1,1,0,23,1,0.00175536199822091,1,att,CR
0,1,0,11,1,0.00216932699549943,1,att,CR
1,1,0,11,1,0.00199709899607114,1,att,CR
1,1,9,23,1,0.0021057190024294,1,att,CR
1,2,0,35,1,0.0017099840042647,0,att,MI
0,1,16,35,1,0.00194717198610306,1,att,CR
1,2,9,23,2,0.00171033799415454,1,att,HI
0,1,13,23,1,0.00193786399904639,1,att,CR
0,1,0,11,1,0.00182995499926619,1,att,CR
1,2,9,11,1,0.00191010601702146,0,att,MI
0,1,13,23,1,0.0018044009921141,1,att,CR
0,1,13,11,1,0.00168031500652432,1,att,CR
0,2,9,23,2,0.00226680198102258,1,att,HI
0,2,3,23,2,0.00185668599442579,1,att,HI
1,1,16,23,1,0.00203819197486155,1,att,CR
1,1,9,11,1,0.0016788560023997,1,att,CR
0,2,16,23,2,0.00172120300703682,1,att,HI
0,2,16,11,1,0.00177714598248713,0,att,MI
1,1,0,11,1,0.00171088398201391,1,att,CR
1,1,16,23,1,0.00169854401610792,1,att,CR
0,1,3,11,1,0.00201775299501605,1,att,CR
0,1,16,35,1,0.00171631600824185,1,att,CR
1,1,3,23,1,0.00175437101279385,1,att,CR
0,2,13,35,2,0.00182495501940139,1,att,HI
1,1,13,11,1,0.00167048699222505,1,att,CR
1,2,9,35,2,0.00167158799013123,1,att,HI
1,1,16,35,1,0.00162460099090822,1,att,CR
1,2,3,11,1,0.00190388399641961,0,att,MI
1,1,0,35,1,0.00171966501511633,1,att,CR
0,2,13,23,2,0.00169077998725697,1,att,HI
0,2,13,11,2,0.00168675798340701,1,att,HI
0,1,16,23,1,0.00167934800265357,1,att,CR
0,2,16,35,1,0.0017250620003324,0,att,MI
0,2,3,23,2,0.00169999999343418,1,att,HI
1,1,9,23,1,0.00169361400185153,1,att,CR
0,1,0,35,1,0.00170302600599825,1,att,CR
1,1,16,23,1,0.00163834501290694,1,att,CR
1,2,16,35,1,0.00166730998898856,0,att,MI
1,1,13,35,1,0.00167016300838441,1,att,CR
0,2,13,11,1,0.00169690497568808,0,att,MI
1,1,13,35,1,0.00166595799964853,1,att,CR
0,2,3,11,1,0.00165586097864434,0,att,MI
1,2,16,35,2,0.00165793800260872,1,att,HI
1,2,9,23,2,0.00172662999830209,1,att,HI
1,1,0,11,1,0.0017122559947893,1,att,CR
0,2,13,35,2,0.00171166998916306,1,att,HI
1,2,16,23,2,0.00169186398852617,1,att,HI
1,1,3,23,1,0.00166993201128207,1,att,CR
1,1,9,11,1,0.00171576798311435,1,att,CR
0,1,9,11,1,0.00170586199965328,1,att,CR
1,2,0,23,2,0.00176480298978277,1,att,HI
0,2,0,23,2,0.00172638599178754,1,att,HI
1,2,3,23,1,0.00162254000315443,0,att,MI
1,1,16,11,1,0.00170167398755439,1,att,CR
0,1,3,35,1,0.00250749199767597,1,att,CR
0,2,0,35,2,0.00169171000015922,1,att,HI
0,1,13,35,1,0.00169080498744734,1,att,CR
1,1,13,23,1,0.00165284299873747,1,att,CR
0,2,3,35,2,0.00168929598294199,1,att,HI
0,1,9,35,2,0.00172322199796326,0,att,FA
0,2,3,23,1,0.0016477020108141,0,att,MI
1,1,3,11,1,0.00184090199763887,1,att,CR
1,1,16,35,1,0.00165423299768008,1,att,CR
1,2,13,23,1,0.00165499898139387,0,att,MI
1,1,0,23,1,0.00178299300023355,1,att,CR
1,1,9,11,1,0.00194528099382296,1,att,CR
0,2,16,11,2,0.00169258398818783,1,att,HI
0,1,9,11,1,0.00176296199788339,1,att,CR
1,2,16,35,2,0.00178896699799225,1,att,HI
0,1,9,35,1,0.00162986700888723,1,att,CR
0,1,16,11,1,0.00172472599660978,1,att,CR
0,1,0,11,1,0.00170604197774082,1,att,CR
1,1,13,35,1,0.001740942010656,1,att,CR
0,1,0,23,1,0.00168150500394404,1,att,CR
1,2,16,23,1,0.001653813989833,0,att,MI
0,2,0,35,1,0.00174469599733129,0,att,MI
1,1,16,23,1,0.00168294299510308,1,att,CR
1,1,16,11,1,0.00167689201771282,1,att,CR
1,2,0,23,1,0.00168273400049657,0,att,MI
0,1,13,35,1,0.00173413701122627,1,att,CR
0,2,9,11,2,0.00164258701261133,1,att,HI
0,2,9,35,2,0.00169242601259612,1,att,HI
0,1,13,11,1,0.00165940899751149,1,att,CR
1,2,9,11,2,0.00171158299781382,1,att,HI
1,2,9,23,2,0.00169998299679719,1,att,HI
1,2,9,11,1,0.00166706502204761,0,att,MI
1,1,16,35,1,0.00165721599478275,1,att,CR
1,2,0,35,1,0.00187488200026564,0,att,MI
1,1,3,35,1,0.00163499100017361,1,att,CR
0,1,16,11,1,0.00164785701781511,1,att,CR
0,2,0,23,1,0.00165925500914454,0,att,MI
1,1,9,35,1,0.00168491099611856,1,att,CR
1,2,0,11,1,0.00191328802611679,0,att,MI
1,2,16,35,2,0.00165538801229559,1,att,HI
0,2,0,11,1,0.00165672900038771,0,att,MI
1,1,9,35,1,0.00174954801332206,1,att,CR
1,2,13,11,1,0.00179273000685498,0,att,MI
1,2,16,23,1,0.0017907040019054,0,att,MI
0,1,16,11,1,0.00169060999178328,1,att,CR
1,1,16,35,1,0.00168045499594882,1,att,CR
1,2,16,11,1,0.00170890698791482,0,att,MI
0,2,16,11,1,0.0016799749864731,0,att,MI
1,1,16,35,1,0.00372761802282184,1,att,CR
1,1,0,23,1,0.0030353769834619,1,att,CR
0,2,3,11,1,0.00438034700346179,0,att,MI
0,2,0,11,1,0.00334760700934567,0,att,MI
1,1,16,23,1,0.00242596701718867,1,att,CR
1,1,13,11,1,0.00192016700748354,1,att,CR
0,1,16,35,1,0.00183551100781187,1,att,CR
0,1,16,23,1,0.00172168097924441,1,att,CR
0,1,0,23,1,0.00175381501321681,1,att,CR
0,1,13,35,1,0.00180424601421691,1,att,CR
1,1,3,35,1,0.00203357401187532,1,att,CR
0,1,0,23,1,0.00172321399440989,1,att,CR
1,2,16,11,1,0.00173130398616195,0,att,MI
1,1,9,11,1,0.00191741401795298,1,att,CR
0,2,13,35,2,0.00250875399797224,1,att,HI
0,2,9,35,2,0.00213152900687419,1,att,HI
0,1,9,35,1,0.00170495299971662,1,att,CR
0,2,13,23,2,0.00174837702070363,1,att,HI
1,2,16,35,2,0.00189598300494254,1,att,HI
1,2,16,11,1,0.00213579900446348,0,att,MI
0,2,3,11,1,0.0018902060110122,0,att,MI
1,2,0,35,2,0.00188265700126067,1,att,HI
0,1,16,23,1,0.00201576697872952,1,att,CR
1,1,0,11,1,0.00175119898631237,1,att,CR
0,2,9,11,2,0.00187241900130175,1,att,HI
0,2,16,11,1,0.0019053959986195,0,att,MI
1,2,0,35,2,0.00213462399551645,1,att,HI
1,1,16,23,1,0.0016907760000322,1,att,CR
0,2,16,35,2,0.00192755099851638,1,att,HI
1,1,16,35,1,0.00200244301231578,1,att,CR
1,1,9,23,1,0.00178645897540264,1,att,CR
0,2,16,35,2,0.0016907220124267,1,att,HI
0,2,16,23,2,0.00169795000692829,1,att,HI
0,2,16,35,2,0.00194935299805366,1,att,HI
0,2,3,35,1,0.00171374098863453,0,att,MI
0,2,9,11,2,0.00195628000074066,1,att,HI
0,2,16,11,2,0.00176970200845972,1,att,HI
0,1,9,35,1,0.00211622699862346,1,att,CR
0,2,9,35,2,0.00173537101363763,1,att,HI
0,1,13,35,1,0.00182954198680818,1,att,CR
1,2,3,35,2,0.00177249099942856,1,att,HI
0,1,0,23,1,0.00168493698583916,1,att,CR
0,1,0,11,1,0.00177046898170374,1,att,CR
0,1,13,23,1,0.00208988500526175,1,att,CR
0,2,9,35,2,0.00229480801499449,1,att,HI
0,2,9,11,1,0.00192889900063165,0,att,MI
1,1,16,35,1,0.00170845299726352,1,att,CR
1,2,0,11,1,0.00180120798177086,0,att,MI
1,1,16,23,1,0.0017768050020095,1,att,CR
0,2,9,23,2,0.00196916700224392,1,att,HI
1,1,16,35,1,0.00179207199835218,1,att,CR
1,1,16,11,1,0.00209178199293092,1,att,CR
0,1,16,35,1,0.00224207900464535,1,att,CR
1,2,16,35,2,0.0020215809927322,1,att,HI
1,1,3,11,1,0.0020615549874492,1,att,CR
1,2,9,35,2,0.00171058700652793,1,att,HI
0,1,16,11,1,0.0017860250081867,1,att,CR
1,1,3,35,1,0.00189651199616492,1,att,CR
0,1,16,35,1,0.00188293200335465,1,att,CR
1,1,16,11,1,0.0016956809849944,1,att,CR
0,2,0,23,1,0.00207426201086491,0,att,MI
1,2,9,23,2,0.00170630399952643,1,att,HI
1,2,9,23,1,0.00189018397941254,0,att,MI
1,2,16,35,2,0.00189674500143155,1,att,HI
0,1,3,11,1,0.00171407699235715,1,att,CR
0,1,3,23,1,0.00196830800268799,1,att,CR
0,2,0,23,1,0.00214643598883413,0,att,MI
1,1,9,35,1,0.00202437699772418,1,att,CR
0,1,3,11,1,0.00203267301549204,1,att,CR
0,2,13,11,2,0.00173714201082475,1,att,HI
0,2,16,23,2,0.0016787959903013,1,att,HI
0,2,3,23,1,0.00216121200355701,0,att,MI
0,2,16,23,1,0.00180320400977507,0,att,MI
1,1,16,35,1,0.00167918298393488,1,att,CR
1,1,3,23,1,0.00221020198659971,1,att,CR
0,2,16,23,1,0.00188482899102382,0,att,MI
0,1,13,23,1,0.00179751301766373,1,att,CR
0,2,0,11,1,0.0021329770097509,0,att,MI
0,1,3,35,1,0.00207655399572104,1,att,CR
0,2,3,23,1,0.00184915598947555,0,att,MI
0,2,3,35,1,0.00192755399621092,0,att,MI
1,1,3,11,1,0.00205576498410664,1,att,CR
0,2,13,23,2,0.00180722697405145,1,att,HI
1,2,9,11,2,0.00183314000605606,1,att,HI
0,2,0,23,1,0.00201273898710497,0,att,MI
0,1,16,35,1,0.00167491598404013,1,att,CR
1,2,9,11,1,0.00205596600426361,0,att,MI
1,2,13,35,2,0.00181919301394373,1,att,HI
1,1,13,35,1,0.00169196500792168,1,att,CR
1,2,3,11,1,0.00183995699626394,0,att,MI
1,2,16,23,2,0.00221351798973046,1,att,HI
1,2,16,11,1,0.00177451898343861,0,att,MI
1,1,16,11,1,0.0018181340128649,1,att,CR
1,1,16,35,1,0.0017000840161927,1,att,CR
1,1,16,23,1,0.00202382099814713,1,att,CR
0,1,3,35,1,0.00173879199428484,1,att,CR
1,1,13,11,1,0.00182105400017463,1,att,CR
0,2,13,11,1,0.0017480609822087,0,att,MI
1,1,3,23,1,0.00172248500166461,1,att,CR
1,2,9,23,2,0.00179223500890657,1,att,HI
1,1,9,11,1,0.00170985201839358,1,att,CR
1,2,16,11,1,0.00176666601328179,0,att,MI
0,1,3,11,1,0.0018165250075981,1,att,CR
0,1,0,35,1,0.00206100399373099,1,att,CR
1,2,0,11,1,0.00211976500577293,0,att,MI
0,1,13,35,1,0.00215088800177909,1,att,CR
1,2,16,11,1,0.00190891901729628,0,att,MI
0,1,16,23,1,0.00210579301347025,1,att,CR
1,1,13,23,1,0.00177662298665382,1,att,CR
0,2,16,35,1,0.00218719698023051,0,att,MI
0,2,9,23,1,0.00182412398862652,0,att,MI
0,2,0,35,2,0.00198150900541805,1,att,HI
1,2,3,23,1,0.00194929202552885,0,att,MI
1,2,13,35,2,0.00217326599522494,1,att,HI
1,1,0,23,1,0.00212203999399208,1,att,CR
0,1,16,11,1,0.00201240199385211,1,att,CR
0,1,13,11,1,0.00196505300118588,1,att,CR
1,2,3,11,1,0.00198906697914936,0,att,MI
0,1,16,23,1,0.00168139699962921,1,att,CR
1,1,16,11,1,0.00195132699445821,1,att,CR
1,1,13,23,1,0.00205271600862034,1,att,CR
1,1,9,35,1,0.0020671840175055,1,att,CR
1,1,3,35,1,0.00182237898116,1,att,CR
0,1,13,11,1,0.00197420999757014,1,att,CR
0,2,16,35,2,0.00185251302900724,1,att,HI
0,2,16,11,1,0.00195544099551626,0,att,MI
1,1,3,11,1,0.00180870198528282,1,att,CR
0,2,13,35,2,0.00175348197808489,1,att,HI
1,2,3,23,1,0.00202522199833766,0,att,MI
1,1,13,35,1,0.00214077898999676,1,att,CR
1,2,0,35,2,0.00168498599668965,1,att,HI
0,2,16,23,2,0.00178920800681226,1,att,HI
1,2,16,23,2,0.00169719799305312,1,att,HI
0,1,9,35,2,0.00172757697873749,0,att,FA
1,2,13,11,2,0.00216556200757623,1,att,HI
1,2,0,11,1,0.00166965299285948,0,att,MI
1,2,13,35,2,0.00207256598514505,1,att,HI
1,1,16,11,1,0.00164456499624066,1,att,CR
1,2,16,23,1,0.00165753200417385,0,att,MI
0,2,3,11,1,0.00167949998285621,0,att,MI
0,1,9,11,1,0.00169157699565403,1,att,CR
1,2,16,23,2,0.00165120299789123,1,att,HI
1,2,9,35,1,0.00173523800913244,0,att,MI
1,2,13,11,1,0.00166758199338801,0,att,MI
0,1,16,23,1,0.00168208900140598,1,att,CR
0,1,16,23,1,0.0016625179850962,1,att,CR
0,2,0,35,2,0.00173122400883585,1,att,HI
1,1,0,11,1,0.00177842300035991,1,att,CR
0,2,16,11,2,0.00165792601183057,1,att,HI
1,2,16,23,2,0.00177164198248647,1,att,HI
0,2,16,11,1,0.00171325900009833,0,att,MI
0,1,9,11,1,0.00167703299666755,1,att,CR
0,1,0,35,1,0.00165552098769695,1,att,CR
1,1,3,23,1,0.00165376299992204,1,att,CR
1,1,13,35,1,0.00167893202160485,1,att,CR
1,1,16,11,1,0.00169211698812433,1,att,CR
1,2,0,23,1,0.00196859100833535,0,att,MI
1,1,0,35,1,0.00169728702167049,1,att,CR
1,2,13,23,1,0.00171783799305558,0,att,MI
1,1,9,35,1,0.00185466700349934,1,att,CR
0,2,9,23,2,0.00169537900364958,1,att,HI
0,1,13,11,1,0.00164038100047037,1,att,CR
0,1,16,11,1,0.00166636100038886,1,att,CR
1,1,13,23,1,0.00188213601359166,1,att,CR
0,1,3,23,1,0.00183590900269337,1,att,CR
1,1,16,23,1,0.00162912599625997,1,att,CR
1,1,16,23,1,0.00171299901558086,1,att,CR
0,1,3,35,1,0.0017218979774043,1,att,CR
1,2,16,23,2,0.00186826701974496,1,att,HI
0,2,3,35,2,0.00168030100758187,1,att,HI
0,2,0,11,1,0.00169059500331059,0,att,MI
0,1,9,11,1,0.00168466698960401,1,att,CR
1,1,9,11,1,0.00166728399926797,1,att,CR
1,2,16,35,2,0.0017261850007344,1,att,HI
1,2,0,23,1,0.00176994100911543,0,att,MI
0,2,16,35,2,0.00167127899476327,1,att,HI
0,1,3,23,2,0.00170539598912001,0,att,FA
0,2,13,11,2,0.00166896398877725,1,att,HI
0,1,16,11,1,0.00184841800364666,1,att,CR
1,1,0,23,1,0.00172116397880018,1,att,CR
1,2,16,35,2,0.00179143901914358,1,att,HI
1,2,13,11,1,0.00166052600252442,0,att,MI
1,2,3,35,2,0.0018195669981651,1,att,HI
0,1,16,35,1,0.00175542899523862,1,att,CR
0,2,13,35,2,0.00164013198809698,1,att,HI
1,2,13,23,2,0.00179448700509965,1,att,HI
0,1,0,11,1,0.0017203250026796,1,att,CR
0,1,0,35,1,0.00166669100872241,1,att,CR
0,2,0,35,1,0.00181951900594868,0,att,MI
1,2,3,11,1,0.00168217299506068,0,att,MI
0,2,16,23,2,0.00173356401501223,1,att,HI
0,1,16,11,1,0.00163474900182337,1,att,CR
1,2,16,11,1,0.00170184401213191,0,att,MI
1,1,13,11,1,0.0016739429847803,1,att,CR
1,1,0,11,1,0.00171118200523779,1,att,CR
0,1,9,23,1,0.00182583698187955,1,att,CR
0,2,3,23,2,0.00172524299705401,1,att,HI
1,1,9,23,1,0.00166909999097697,1,att,CR
1,2,0,23,2,0.00179266399936751,1,att,HI
0,2,16,11,1,0.00168731901794672,0,att,MI
0,1,9,23,1,0.00166138002532534,1,att,CR
1,1,9,23,1,0.00182468700222671,1,att,CR
1,2,9,11,1,0.00177100297878496,0,att,MI
0,2,13,23,2,0.00164551800116897,1,att,HI
0,1,13,23,1,0.00162535801064223,1,att,CR
0,1,0,11,1,0.00166500697378069,1,att,CR
1,2,16,35,2,0.00167364801745862,1,att,HI
1,1,0,35,1,0.00165998400188982,1,att,CR
1,2,13,23,2,0.00173544202698395,1,att,HI
0,1,16,35,1,0.00161633198149502,1,att,CR
1,2,3,23,1,0.00179243998718448,0,att,MI
1,2,3,35,2,0.00169774499954656,1,att,HI
1,2,9,35,2,0.00168555299751461,1,att,HI
0,1,9,23,1,0.00167725898791105,1,att,CR
1,1,0,35,1,0.00166715099476278,1,att,CR
0,1,16,11,1,0.00170943400007673,1,att,CR
0,1,3,11,1,0.00311378500191495,1,att,CR
0,2,3,11,1,0.00281618599547073,0,att,MI
1,1,3,35,1,0.00451679099933244,1,att,CR
1,1,13,23,1,0.00292488801642321,1,att,CR
0,1,16,35,1,0.00194629700854421,1,att,CR
0,2,9,23,2,0.00275366500136442,1,att,HI
1,2,9,35,2,0.00175325199961662,1,att,HI
0,2,13,23,2,0.00199479897855781,1,att,HI
1,1,0,23,1,0.00191921001533046,1,att,CR
0,1,0,35,1,0.00170024498947896,1,att,CR
1,1,16,11,1,0.00177110399818048,1,att,CR
0,2,3,35,2,0.00178950899862684,1,att,HI
1,2,16,35,2,0.00180273700971156,1,att,HI
0,1,9,23,1,0.00211285601835698,1,att,CR
1,2,16,35,2,0.00216964300489053,1,att,HI
1,1,13,11,1,0.00174543098546565,1,att,CR
0,1,13,23,1,0.00194582901895046,1,att,CR
0,2,16,35,2,0.00206125201657414,1,att,HI
0,1,16,23,1,0.00195724802324548,1,att,CR
0,1,0,23,1,0.00166383199393749,1,att,CR
1,1,16,23,1,0.00178676599171013,1,att,CR
1,2,0,11,1,0.0018303100077901,0,att,MI
1,2,3,35,2,0.00186607500654645,1,att,HI
1,1,13,35,1,0.00182796199806035,1,att,CR
0,2,16,23,2,0.00189206801587716,1,att,HI
1,1,3,11,1,0.00174032500945032,1,att,CR
0,2,9,11,1,0.00193731600302272,0,att,MI
0,1,3,35,1,0.00203203200362623,1,att,CR
1,2,16,23,1,0.00197808802477084,0,att,MI
0,2,16,35,1,0.00184926600195467,0,att,MI
0,2,13,35,2,0.00190227298298851,1,att,HI
1,2,16,35,2,0.00179630899219774,1,att,HI
0,2,0,23,1,0.00211026199394837,0,att,MI
0,1,9,35,1,0.0022706379822921,1,att,CR
1,2,9,23,2,0.00176316700526513,1,att,HI
1,1,9,23,1,0.0018040050053969,1,att,CR
1,1,13,11,1,0.00194079100037925,1,att,CR
1,2,16,23,2,0.00185845102532767,1,att,HI
1,1,13,11,1,0.00178927800152451,1,att,CR
1,1,9,35,1,0.00175721501000226,1,att,CR
0,1,16,23,1,0.00206634000642225,1,att,CR
1,2,16,11,1,0.00169487702078186,0,att,MI
1,1,13,23,1,0.00203308102209121,1,att,CR
1,2,9,11,1,0.00169516599271446,0,att,MI
1,1,13,35,1,0.00222452997695655,1,att,CR
0,2,9,11,1,0.00182904599932954,0,att,MI
1,1,16,23,1,0.00180760002695024,1,att,CR
1,1,3,23,1,0.00197790598031133,1,att,CR
1,1,16,35,1,0.00192285099183209,1,att,CR
1,2,3,11,1,0.00191388701205142,0,att,MI
1,1,16,11,1,0.0018305919948034,1,att,CR
1,2,16,23,1,0.00169932699645869,0,att,MI
0,1,16,35,1,0.00211231000139378,1,att,CR
1,2,13,35,2,0.00195288602844812,1,att,HI
0,2,9,35,1,0.00189395598135889,0,att,MI
1,2,0,35,2,0.00171601300826296,1,att,HI
0,2,16,11,1,0.00196635199245065,0,att,MI
0,1,16,11,1,0.00172799298889004,1,att,CR
1,2,13,11,2,0.00212337498669513,1,att,HI
1,1,0,35,1,0.00210295099532232,1,att,CR
1,1,16,11,1,0.00222454400500283,1,att,CR
1,2,9,11,1,0.00175821399898268,0,att,MI
0,2,0,11,1,0.00170974602224305,0,att,MI
1,1,13,23,1,0.0017812559963204,1,att,CR
0,2,13,23,2,0.00170896900817752,1,att,HI
0,2,0,23,2,0.00197285902686417,1,att,HI
0,1,16,35,1,0.00210388700361364,1,att,CR
0,1,3,23,1,0.00194102199748158,1,att,CR
1,2,3,23,1,0.00209637399530038,0,att,MI
0,2,9,23,2,0.00190753501374274,1,att,HI
0,1,16,11,1,0.0018017590045929,1,att,CR
1,1,16,35,1,0.00180043900036253,1,att,CR
0,1,16,23,1,0.00201583097805269,1,att,CR
0,2,9,35,2,0.00172018201556057,1,att,HI
0,1,16,11,1,0.0019330520008225,1,att,CR
0,1,0,35,1,0.00178381000296213,1,att,CR
1,1,16,35,1,0.00195280299521983,1,att,CR
0,1,3,23,1,0.00178205998963676,1,att,CR
0,1,16,11,1,0.00175173999741673,1,att,CR
0,2,16,23,1,0.00174678000621498,0,att,MI
0,2,0,23,1,0.00213184600579552,0,att,MI
1,2,16,11,1,0.00167686797794886,0,att,MI
1,1,13,35,1,0.00178187098936178,1,att,CR
0,1,13,23,1,0.0017433239845559,1,att,CR
1,2,16,11,1,0.00183117197593674,0,att,MI
0,2,0,35,2,0.00173100401298143,1,att,HI
1,1,16,11,1,0.00190323899732903,1,att,CR
0,2,13,11,2,0.00182356298319064,1,att,HI
0,1,13,23,1,0.001764110988006,1,att,CR
0,2,16,35,2,0.00183205600478686,1,att,HI
1,1,9,35,1,0.00211172699346207,1,att,CR
0,1,16,35,1,0.00175287900492549,1,att,CR
1,1,16,35,1,0.0017832090088632,1,att,CR
0,1,9,35,1,0.00168653699802235,1,att,CR
1,2,0,23,1,0.00166020399774425,0,att,MI
0,2,16,11,2,0.00169768600608222,1,att,HI
0,1,16,11,1,0.00178768299520016,1,att,CR
0,1,13,11,1,0.00174198098829947,1,att,CR
1,2,3,35,1,0.00215552400914021,0,att,MI
0,2,9,35,2,0.00174393699853681,1,att,HI
0,1,0,11,1,0.00213046499993652,1,att,CR
0,1,0,11,1,0.0021255080064293,1,att,CR
0,2,13,35,2,0.00187053499394096,1,att,HI
0,2,9,11,2,0.00172031900729053,1,att,HI
1,1,16,23,1,0.00166343498858623,1,att,CR
1,2,0,35,1,0.00197397099691443,0,att,MI
0,1,0,23,1,0.00195245997747406,1,att,CR
0,1,9,23,1,0.00165473198285326,1,att,CR
0,2,16,23,2,0.00191845398512669,1,att,HI
0,1,9,11,1,0.00189410799066536,1,att,CR
0,2,16,11,1,0.00165597800514661,0,att,MI
1,1,0,35,1,0.00184585800161585,1,att,CR
1,2,16,23,2,0.00184897897997871,1,att,HI
1,1,9,23,1,0.00184921201434918,1,att,CR
1,2,3,35,2,0.00172378498245962,1,att,HI
0,1,13,35,1,0.00208890999783762,1,att,CR
1,1,16,35,1,0.00220145599450916,1,att,CR
0,1,16,35,1,0.00242761298432015,1,att,CR
1,1,9,23,1,0.00169968101545237,1,att,CR
0,1,9,23,1,0.00181184598477557,1,att,CR
1,2,3,23,1,0.00172415398992598,0,att,MI
1,1,16,23,1,0.00210788700496778,1,att,CR
1,2,13,35,2,0.00178847802453674,1,att,HI
1,1,3,35,1,0.00172048702370375,1,att,CR
0,2,16,11,1,0.00177010899642482,0,att,MI
1,2,9,35,2,0.00178685199352913,1,att,HI
0,1,0,35,1,0.00195117900148034,1,att,CR
0,1,3,11,1,0.00207842999952845,1,att,CR
0,1,16,23,1,0.00169291099882685,1,att,CR
0,2,16,23,2,0.00168900500284508,1,att,HI
0,1,16,23,1,0.00173261601594277,1,att,CR
1,2,16,35,2,0.00232487299945205,1,att,HI
0,1,3,35,1,0.00183930399361998,1,att,CR
1,2,16,23,2,0.00204844001564197,1,att,HI
0,2,3,35,2,0.00206631602486596,1,att,HI
0,2,3,23,2,0.0017676150018815,1,att,HI
0,1,9,11,1,0.00203090900322422,1,att,CR
0,2,13,11,2,0.00175148600828834,1,att,HI
1,2,16,35,2,0.00164847398991697,1,att,HI
0,2,0,11,1,0.00178895000135526,0,att,MI
0,2,0,11,1,0.00180037997779436,0,att,MI
1,2,9,23,2,0.00178833000245504,1,att,HI
1,1,0,23,1,0.00180604599881917,1,att,CR
1,1,0,23,1,0.00168487898190506,1,att,CR
0,2,3,11,1,0.00169327601906843,0,att,MI
1,2,13,23,2,0.00167150000925176,1,att,HI
1,1,16,11,1,0.00166160200024024,1,att,CR
0,2,9,23,2,0.00166298999101855,1,att,HI
0,1,16,23,1,0.00182083799154498,1,att,CR
0,1,16,11,1,0.00165493099484593,1,att,CR
0,2,16,35,2,0.00177046802127734,1,att,HI
1,2,16,23,2,0.00166457600425929,1,att,HI
0,2,3,23,1,0.00164901799871586,0,att,MI
1,2,0,23,1,0.00168278199271299,0,att,MI
1,1,3,35,1,0.00165635999292135,1,att,CR
1,1,9,35,1,0.0016632019833196,1,att,CR
1,2,16,11,1,0.00165452901273966,0,att,MI
0,1,16,35,1,0.00165406300220639,1,att,CR
0,2,16,35,2,0.00184390301001258,1,att,HI
1,1,16,23,1,0.00161974399816245,1,att,CR
1,2,16,11,1,0.0016935339954216,0,att,MI
0,2,3,23,1,0.00163211600738578,0,att,MI
1,1,3,23,1,0.00164692700491287,1,att,CR
0,2,13,23,2,0.00171591900289059,1,att,HI
0,2,13,35,2,0.0017550089978613,1,att,HI
1,2,9,11,2,0.0016787959903013,1,att,HI
1,1,16,35,1,0.00167380200582556,1,att,CR
0,1,0,23,1,0.00164760198094882,1,att,CR
1,2,13,35,2,0.00166565799736418,1,att,HI
1,1,0,35,1,0.00166320201242343,1,att,CR
0,1,0,11,1,0.00166085897944868,1,att,CR
0,1,9,11,1,0.00172789499629289,1,att,CR
0,2,16,11,2,0.00184304901631549,1,att,HI
1,1,0,11,2,0.00166568299755454,0,att,FA
1,1,9,11,1,0.00172085399390198,1,att,CR
1,1,0,11,1,0.00165670600836165,1,att,CR
0,2,16,35,2,0.00164559201220982,1,att,HI
0,1,13,35,1,0.00204819202190265,1,att,CR
1,2,3,11,1,0.00171789698651992,0,att,MI
0,1,3,35,1,0.00163822501781397,1,att,CR
1,2,3,23,2,0.0017965299775824,1,att,HI
0,2,3,35,2,0.00166025900398381,1,att,HI
1,2,0,35,2,0.00169144800747745,1,att,HI
1,2,13,23,2,0.00170020197401755,1,att,HI
1,2,13,11,2,0.00182211599894799,1,att,HI
1,1,9,11,1,0.00163895500008948,1,att,CR
1,1,16,11,1,0.00164267598302104,1,att,CR
1,2,13,11,1,0.00176452400046401,0,att,MI
1,2,9,23,2,0.00184026602073573,1,att,HI
1,2,0,11,1,0.00164176101679914,0,att,MI
1,2,0,11,1,0.00180877698585391,0,att,MI
1,1,3,23,1,0.00171262098592706,1,att,CR
0,1,3,11,1,0.00169516098685563,1,att,CR
1,1,16,23,1,0.00178563999361359,1,att,CR
0,2,13,11,2,0.00166654601343907,1,att,HI
1,1,3,11,1,0.0016307269979734,1,att,CR
1,2,0,23,1,0.00176341101177968,0,att,MI
0,2,3,11,1,0.00174794599297456,0,att,MI
0,2,16,23,2,0.00181119400076568,1,att,HI
1,2,16,35,2,0.00184120400808752,1,att,HI
0,1,13,35,1,0.0018088560027536,1,att,CR
1,2,13,23,2,0.00164484599372372,1,att,HI
1,1,9,11,1,0.00167565001174808,1,att,CR
0,1,9,35,1,0.00174000099650584,1,att,CR
0,2,16,23,2,0.00167866301489994,1,att,HI
1,2,16,11,1,0.00172196398489177,0,att,MI
1,1,0,11,1,0.00169394200202078,1,att,CR
0,2,0,35,2,0.00173067301511765,1,att,HI
0,2,0,35,1,0.00170560600236058,0,att,MI
0,1,3,23,1,0.00163700900156982,1,att,CR
0,1,13,11,1,0.00164800099446438,1,att,CR
0,1,13,11,2,0.00168141699396074,0,att,FA
1,2,9,35,2,0.00171116800629534,1,att,HI
1,2,3,11,1,0.00162913001258858,0,att,MI
1,1,3,11,1,0.0016568920109421,1,att,CR
0,2,16,11,1,0.00167591898934916,0,att,MI
0,2,0,23,2,0.00372318099834956,1,att,HI
0,1,13,23,1,0.00435663299867883,1,att,CR
1,2,16,35,2,0.00344307499472052,1,att,HI
1,2,3,35,2,0.00182165601290762,1,att,HI
0,1,9,11,1,0.00249688199255615,1,att,CR
0,2,3,35,2,0.00171681999927387,1,att,HI
0,1,0,11,1,0.0016953949816525,1,att,CR
1,1,3,23,1,0.00193584599765018,1,att,CR
0,2,9,23,2,0.00211601599585265,1,att,HI
1,1,16,11,1,0.00220875500235707,1,att,CR
1,2,9,35,2,0.00192656999570318,1,att,HI
1,2,9,23,1,0.00195658899610862,0,att,MI
1,1,16,35,1,0.00169900100445375,1,att,CR
0,1,0,35,1,0.00178891900577582,1,att,CR
0,1,3,11,1,0.00183771300362423,1,att,CR
0,2,13,35,2,0.00178680699900724,1,att,HI
0,1,16,35,1,0.00214861598215066,1,att,CR
1,1,16,35,1,0.00172008399385959,1,att,CR
1,1,9,23,1,0.00206218601670116,1,att,CR
0,2,16,23,2,0.00209308200282976,1,att,HI
1,1,16,11,1,0.00200378897716291,1,att,CR
1,2,13,11,1,0.00181547200190835,0,att,MI
1,2,3,23,1,0.00172563799424097,0,att,MI
0,1,0,11,1,0.00269331099116243,1,att,CR
0,2,16,11,2,0.00177825498394668,1,att,HI
1,1,16,11,1,0.00187126401579008,1,att,CR
1,1,0,35,1,0.0017530320037622,1,att,CR
0,1,16,35,1,0.00220124699990265,1,att,CR
0,2,3,11,1,0.0019265339942649,0,att,MI
1,2,16,23,1,0.00177605100907385,0,att,MI
0,2,9,23,2,0.00192747398978099,1,att,HI
0,2,13,35,2,0.00240622999262996,1,att,HI
0,2,9,35,2,0.00163521600188687,1,att,HI
0,1,3,23,1,0.00172914401628077,1,att,CR
1,1,0,23,1,0.00186432301416062,1,att,CR
1,1,9,23,1,0.00181980698835105,1,att,CR
1,1,9,35,1,0.00189079099800438,1,att,CR
1,1,0,23,1,0.00186487499740906,1,att,CR
1,1,16,35,1,0.00170277099823579,1,att,CR
0,2,16,11,2,0.00182967400178313,1,att,HI
0,1,13,11,1,0.00191669099149294,1,att,CR
1,2,9,35,2,0.00176019899663515,1,att,HI
1,2,16,11,1,0.00219565301085822,0,att,MI
1,2,0,23,1,0.00215945101808757,0,att,MI
0,2,13,23,2,0.0017763810174074,1,att,HI
1,1,16,23,1,0.0019591310119722,1,att,CR
0,1,3,35,1,0.00185692598461173,1,att,CR
0,1,0,23,1,0.00180453099892475,1,att,CR
0,2,3,23,2,0.00179010498686694,1,att,HI
0,2,13,23,2,0.00197392099653371,1,att,HI
1,1,16,23,1,0.00200557700009085,1,att,CR
0,1,9,35,1,0.00182063999818638,1,att,CR
1,1,16,35,1,0.00167055998463184,1,att,CR
1,2,13,35,1,0.00190939899766818,0,att,MI
1,2,0,23,1,0.00189941900316626,0,att,MI
0,2,0,23,1,0.00193630397552624,0,att,MI
0,1,3,11,1,0.00165265999385156,1,att,CR
1,2,3,35,1,0.00178088998654857,0,att,MI
0,2,16,11,1,0.00178533801226877,0,att,MI
0,1,16,35,1,0.00184779800474644,1,att,CR
1,1,13,11,1,0.00167289900127798,1,att,CR
0,2,16,11,1,0.00189881402184255,0,att,MI
0,1,9,11,1,0.00183861699770205,1,att,CR
1,1,0,35,1,0.00200348699581809,1,att,CR
0,1,13,11,1,0.00181184499524534,1,att,CR
0,1,9,11,1,0.0019175999914296,1,att,CR
1,1,13,11,1,0.00178721701377071,1,att,CR
1,1,13,35,1,0.00167065797722898,1,att,CR
0,1,16,11,1,0.00178254902129993,1,att,CR
0,2,0,35,2,0.00180492701474577,1,att,HI
0,2,9,35,2,0.00197743801982142,1,att,HI
0,2,16,11,1,0.00211788600427099,0,att,MI
0,1,3,35,1,0.00188672402873635,1,att,CR
0,1,0,11,1,0.00200815900461748,1,att,CR
1,2,0,11,1,0.00182231300277635,0,att,MI
1,1,16,23,1,0.0021262529771775,1,att,CR
1,2,9,23,1,0.00183898099930957,0,att,MI
0,1,9,35,1,0.00178521301131696,1,att,CR
0,1,3,23,1,0.00182254999526776,1,att,CR
0,1,16,35,1,0.00206353401881643,1,att,CR
0,1,16,23,1,0.00177185400389135,1,att,CR
1,1,16,11,1,0.00177327200071886,1,att,CR
0,2,16,35,2,0.00174703297670931,1,att,HI
0,2,0,11,1,0.0020514180068858,0,att,MI
0,2,9,11,2,0.00180634501157328,1,att,HI
1,2,13,11,1,0.0019151629821863,0,att,MI
0,2,16,23,2,0.00179811401176266,1,att,HI
1,2,16,23,1,0.00211839200346731,0,att,MI
1,2,3,11,1,0.00206136400811374,0,att,MI
0,2,16,23,2,0.00175890099490061,1,att,HI
0,1,13,23,1,0.00168745301198214,1,att,CR
0,2,9,35,2,0.0017225019983016,1,att,HI
0,1,16,23,1,0.0016921509813983,1,att,CR
1,2,0,11,1,0.00170480299857445,0,att,MI
0,2,13,11,2,0.00177667400566861,1,att,HI
1,2,0,35,1,0.00171584900817834,0,att,MI
0,2,9,11,1,0.00201213199761696,0,att,MI
0,1,0,23,1,0.00229974000831135,1,att,CR
1,2,13,23,1,0.00185022701043636,0,att,MI
1,2,13,35,2,0.00182801199844107,1,att,HI
1,2,16,35,2,0.00227064298815094,1,att,HI
0,2,0,23,1,0.00175139398197643,0,att,MI
0,1,9,23,1,0.00208221300272271,1,att,CR
0,2,16,35,2,0.00177391097531654,1,att,HI
1,1,13,23,1,0.00174032099312171,1,att,CR
0,2,16,35,2,0.00192973398952745,1,att,HI
1,2,0,35,2,0.00178030700772069,1,att,HI
0,2,16,23,2,0.00181729698670097,1,att,HI
0,1,16,35,1,0.00263156398432329,1,att,CR
1,1,9,35,1,0.00168026800383814,1,att,CR
1,1,13,11,1,0.00204203400062397,1,att,CR
0,2,3,23,1,0.00182175301597454,0,att,MI
1,2,0,23,1,0.00176637401455082,0,att,MI
1,2,16,35,2,0.00204161301371641,1,att,HI
1,2,13,23,1,0.00191500401706435,0,att,MI
0,1,3,35,1,0.00211665898677893,1,att,CR
1,2,9,11,1,0.00182345899520442,0,att,MI
1,1,13,23,1,0.0017205850163009,1,att,CR
1,1,9,23,1,0.00206522498046979,1,att,CR
0,1,16,11,1,0.00165875800303183,1,att,CR
0,2,13,11,1,0.00208266798290424,0,att,MI
1,2,3,23,1,0.00202019300195388,0,att,MI
1,1,13,23,1,0.00178837700514123,1,att,CR
1,1,9,11,1,0.00167213100939989,1,att,CR
0,2,0,11,1,0.00195498499670066,0,att,MI
0,2,3,23,2,0.0018570690008346,1,att,HI
1,2,16,23,2,0.00265139099792577,1,att,HI
0,2,3,35,1,0.00186310597928241,0,att,MI
1,2,9,11,1,0.00186880698311143,0,att,MI
0,1,16,11,2,0.00208346199360676,0,att,FA
1,1,0,11,1,0.0018535389972385,1,att,CR
1,2,9,11,1,0.00197077801567502,0,att,MI
0,1,9,23,1,0.00180392499896698,1,att,CR
0,2,9,23,2,0.00214171200059354,1,att,HI
0,1,13,35,1,0.00209400098538026,1,att,CR
1,1,0,11,1,0.00210695501300506,1,att,CR
1,2,16,35,2,0.0021956330165267,1,att,HI
0,2,0,11,1,0.0017231710080523,0,att,MI
0,2,3,35,2,0.00191470500431024,1,att,HI
1,1,3,11,1,0.00167327400413342,1,att,CR
0,2,3,11,1,0.00179141698754393,0,att,MI
0,1,16,23,1,0.00169458700111136,1,att,CR
1,1,3,11,1,0.00225938300718553,1,att,CR
1,1,16,11,1,0.00186193000990897,1,att,CR
1,2,3,11,1,0.00202486198395491,0,att,MI
1,2,13,35,2,0.0017130560008809,1,att,HI
1,1,3,23,1,0.00168309800210409,1,att,CR
1,1,3,35,1,0.00169543299125507,1,att,CR
1,1,9,35,1,0.001669840014074,1,att,CR
1,1,16,35,1,0.00167118301033042,1,att,CR
0,2,16,23,2,0.00167197998962365,1,att,HI
0,1,0,35,1,0.00167720901663415,1,att,CR
0,2,0,35,2,0.00165285001276061,1,att,HI
0,2,13,35,2,0.00189611699897796,1,att,HI
0,1,16,35,1,0.00178536100429483,1,att,CR
0,1,16,11,1,0.00167425599647686,1,att,CR
0,2,13,11,1,0.00172780701541342,0,att,MI
1,1,16,11,1,0.00166063397773542,1,att,CR
1,1,16,23,1,0.00165029900381342,1,att,CR
1,1,13,35,1,0.00166055600857362,1,att,CR
1,1,16,35,1,0.00166227997397073,1,att,CR
0,1,13,35,1,0.0017581430147402,1,att,CR
0,1,13,11,1,0.00170506897848099,1,att,CR
1,2,3,35,2,0.00230634000035934,1,att,HI
0,1,0,35,1,0.00177628299570642,1,att,CR
0,2,9,11,2,0.00177165499189869,1,att,HI
0,2,16,35,2,0.00168720001238398,1,att,HI
1,1,3,35,1,0.00169504000223242,1,att,CR
0,1,9,23,1,0.00172453600680456,1,att,CR
1,1,16,23,1,0.00173237998387776,1,att,CR
1,1,0,23,1,0.00162587501108646,1,att,CR
1,2,16,11,1,0.00165801899856888,0,att,MI
1,2,3,23,1,0.00164341300842352,0,att,MI
1,1,9,11,1,0.00187157801701687,1,att,CR
1,2,13,23,2,0.00176748301601037,1,att,HI
1,2,13,11,1,0.00181992401485331,0,att,MI
1,2,0,35,2,0.00167871898156591,1,att,HI
1,1,0,11,1,0.00165102200116962,1,att,CR
0,2,3,11,1,0.00167942998814397,0,att,MI
1,2,16,35,2,0.00173258100403473,1,att,HI
0,1,16,11,1,0.00240524901892059,1,att,CR
0,1,0,23,2,0.00166153197642416,0,att,FA
1,2,3,11,1,0.0016519530036021,0,att,MI
1,1,9,11,1,0.00169332101359032,1,att,CR
0,1,13,23,1,0.00168647899408825,1,att,CR
0,1,16,23,1,0.00166673201601952,1,att,CR
0,1,13,35,1,0.00164294301066548,1,att,CR
0,1,16,23,1,0.00164917600341141,1,att,CR
0,2,16,23,2,0.00165819501853548,1,att,HI
1,1,13,35,1,0.00200702401343733,1,att,CR
0,2,16,35,2,0.00178627099376172,1,att,HI
0,1,16,23,1,0.00164685898926109,1,att,CR
1,1,3,23,1,0.00176456099143252,1,att,CR
1,2,16,23,2,0.00167696800781414,1,att,HI
0,2,13,23,2,0.00164838202181272,1,att,HI
1,2,16,11,1,0.00178783899173141,0,att,MI
0,2,16,11,1,0.00167900699307211,0,att,MI
0,1,3,23,1,0.00168051201035269,1,att,CR
1,1,3,11,1,0.00171052099904045,1,att,CR
1,2,16,35,2,0.00177451397757977,1,att,HI
1,2,16,23,1,0.00183275900781155,0,att,MI
0,1,3,11,1,0.00187567001557909,1,att,CR
1,1,3,35,1,0.00164167699404061,1,att,CR
1,2,16,11,1,0.0017212139791809,0,att,MI
1,2,16,23,1,0.00165236400789581,0,att,MI
0,2,0,35,1,0.00165564598864876,0,att,MI
1,2,16,11,1,0.00170546697336249,0,att,MI
0,1,9,35,1,0.00174362800316885,1,att,CR
1,2,16,11,1,0.00171127100475132,0,att,MI
1,2,9,23,1,0.00166838901350275,0,att,MI
1,2,0,11,1,0.00167970202164724,0,att,MI
0,2,16,35,2,0.00178343200241216,1,att,HI
1,1,0,35,1,0.00169377602287568,1,att,CR
0,1,16,11,1,0.00169466997613199,1,att,CR
1,2,9,35,2,0.00166971900034696,1,att,HI
1,1,16,23,1,0.00167204599711113,1,att,CR
0,2,13,35,2,0.00324985798215494,1,kis,HI
0,2,13,35,2,0.00466284400317818,1,kis,HI
0,2,16,35,2,0.00219912300235592,1,kis,HI
1,2,16,11,1,0.00305656698765233,0,kis,MI
0,2,0,23,2,0.0021270549914334,1,kis,HI
1,2,16,11,1,0.0017298870079685,0,kis,MI
1,1,16,11,1,0.00209333997918293,1,kis,CR
1,1,3,35,1,0.00202486501075327,1,kis,CR
0,1,9,23,1,0.00212727699545212,1,kis,CR
1,2,13,23,2,0.00172034997376613,1,kis,HI
0,2,3,11,2,0.00245363099384122,1,kis,HI
1,1,3,23,1,0.00188717400305904,1,kis,CR
0,1,3,11,1,0.001682072004769,1,kis,CR
1,2,3,11,1,0.00209490398992784,0,kis,MI
0,2,0,35,2,0.00178349899942987,1,kis,HI
0,1,3,23,1,0.00191481100046076,1,kis,CR
0,1,13,35,1,0.00166648102458566,1,kis,CR
1,1,0,23,1,0.00174176899599843,1,kis,CR
1,1,3,11,1,0.00200358597794548,1,kis,CR
0,2,16,23,2,0.00173293700208887,1,kis,HI
0,1,16,35,1,0.0021946589986328,1,kis,CR
0,2,16,23,2,0.00191029801499099,1,kis,HI
1,2,13,23,2,0.00170912497560494,1,kis,HI
0,2,9,23,2,0.00174864300061017,1,kis,HI
1,2,9,35,2,0.00179650899372064,1,kis,HI
0,2,3,35,2,0.00200629298342392,1,kis,HI
1,1,9,35,1,0.00191703799646348,1,kis,CR
0,2,16,11,1,0.00174254400189966,0,kis,MI
0,1,0,35,1,0.00172766999457963,1,kis,CR
1,2,16,11,2,0.00189906999003142,1,kis,HI
0,2,3,35,2,0.00182677601696923,1,kis,HI
0,1,9,35,1,0.00218268798198551,1,kis,CR
0,1,16,35,1,0.00184103602077812,1,kis,CR
1,1,13,11,1,0.00203886898816563,1,kis,CR
1,2,3,23,1,0.00173723601619713,0,kis,MI
1,2,13,35,2,0.00185659999260679,1,kis,HI
1,1,16,23,1,0.00195771100698039,1,kis,CR
0,2,13,35,2,0.00189117301488295,1,kis,HI
1,1,13,23,1,0.00209459001780488,1,kis,CR
1,2,16,11,1,0.00223112301318906,0,kis,MI
1,1,9,35,1,0.00178081000922248,1,kis,CR
1,2,13,35,2,0.00195383001118898,1,kis,HI
1,2,16,23,2,0.0016460889892187,1,kis,HI
0,2,3,11,2,0.00185311402310617,1,kis,HI
0,2,13,23,2,0.00171327299904078,1,kis,HI
0,1,9,35,1,0.00171850901097059,1,kis,CR
1,1,9,11,1,0.00183977099368349,1,kis,CR
1,2,3,11,1,0.00191805101349019,0,kis,MI
1,1,13,23,1,0.00180178301525302,1,kis,CR
0,2,16,11,2,0.00163966498803347,1,kis,HI
1,1,16,35,1,0.00206978799542412,1,kis,CR
1,2,9,35,2,0.00183881699922495,1,kis,HI
1,2,0,11,2,0.00168236601166427,1,kis,HI
0,1,3,35,1,0.00168002999271266,1,kis,CR
0,2,16,11,2,0.0016458629979752,1,kis,HI
0,1,0,11,1,0.00167899599182419,1,kis,CR
1,2,0,35,2,0.00169173601898365,1,kis,HI
1,1,0,35,1,0.00172198499785736,1,kis,CR
1,2,16,35,2,0.00207923501147889,1,kis,HI
1,1,16,35,1,0.00174142298055813,1,kis,CR
0,2,3,23,2,0.0017266969953198,1,kis,HI
0,1,16,11,1,0.00191247600014322,1,kis,CR
1,1,0,23,1,0.00182741798926145,1,kis,CR
0,2,0,23,2,0.00190884701441973,1,kis,HI
1,2,16,23,2,0.00180868298048154,1,kis,HI
1,1,0,23,1,0.00197332099196501,1,kis,CR
0,1,3,23,1,0.00200379299349152,1,kis,CR
1,2,9,23,2,0.00175912500708364,1,kis,HI
0,2,9,35,2,0.00187747098971158,1,kis,HI
0,2,16,35,2,0.00183839301462285,1,kis,HI
1,1,3,23,1,0.00195216399151832,1,kis,CR
0,1,9,11,1,0.00212807298521511,1,kis,CR
1,2,3,23,2,0.00189678001333959,1,kis,HI
1,1,16,23,1,0.00178523501381278,1,kis,CR
1,2,0,23,2,0.00207942898850888,1,kis,HI
0,2,13,23,2,0.00217011201311834,1,kis,HI
1,1,0,35,1,0.00179748999653384,1,kis,CR
1,1,3,11,1,0.00177807701402344,1,kis,CR
0,1,3,11,2,0.00194732000818476,0,kis,FA
0,2,0,11,2,0.00211343099363148,1,kis,HI
0,1,0,23,1,0.00185692001832649,1,kis,CR
1,1,13,35,1,0.00177446700399742,1,kis,CR
1,2,16,11,2,0.00165630000992678,1,kis,HI
0,2,13,11,1,0.00167789999977686,0,kis,MI
0,2,9,11,1,0.0017919990059454,0,kis,MI
1,1,16,23,1,0.00197593600023538,1,kis,CR
0,2,16,23,2,0.00217786402208731,1,kis,HI
1,1,9,11,1,0.00168520098668523,1,kis,CR
0,1,16,35,1,0.00227474799612537,1,kis,CR
0,2,3,35,2,0.00176940599340014,1,kis,HI
1,1,13,11,1,0.00239669499569573,1,kis,CR
1,1,16,35,1,0.00180815000203438,1,kis,CR
0,2,0,11,2,0.00187477501458488,1,kis,HI
1,1,16,23,1,0.00199566400260665,1,kis,CR
1,1,13,35,1,0.00171936099650338,1,kis,CR
0,1,13,35,1,0.00168635498266667,1,kis,CR
1,2,9,23,2,0.0017361170030199,1,kis,HI
0,2,0,35,2,0.00188133001211099,1,kis,HI
1,2,16,23,2,0.00193171598948538,1,kis,HI
0,1,9,23,1,0.00215537799522281,1,kis,CR
0,1,16,35,1,0.00179539201781154,1,kis,CR
1,1,16,35,1,0.00206358099239878,1,kis,CR
1,2,13,11,1,0.00174727500416338,0,kis,MI
0,1,16,35,1,0.00163080499623902,1,kis,CR
0,2,3,23,2,0.00210157802212052,1,kis,HI
1,2,13,11,1,0.00177604597411118,0,kis,MI
0,2,13,11,2,0.00168377201771364,1,kis,HI
1,2,9,11,1,0.00185112998588011,0,kis,MI
0,1,0,35,1,0.00186394999036565,1,kis,CR
1,2,9,23,2,0.00192530601634644,1,kis,HI
0,1,9,35,1,0.00202603699290194,1,kis,CR
1,2,13,35,2,0.00212262099375948,1,kis,HI
0,1,0,35,2,0.001756559999194,0,kis,FA
1,1,3,35,1,0.00167618799605407,1,kis,CR
0,1,13,11,1,0.00184223300311714,1,kis,CR
1,2,16,35,2,0.00204560699057765,1,kis,HI
1,2,16,35,2,0.00176027300767601,1,kis,HI
0,1,16,23,1,0.00169007200747728,1,kis,CR
1,2,16,35,2,0.00175396702252328,1,kis,HI
0,1,9,11,1,0.00177471301867627,1,kis,CR
1,1,3,11,1,0.00175910899997689,1,kis,CR
0,1,3,35,1,0.00166817198623903,1,kis,CR
0,1,16,11,1,0.00189363100798801,1,kis,CR
1,2,16,11,1,0.00170790200354531,0,kis,MI
1,2,0,35,2,0.00201010800083168,1,kis,HI
1,1,16,11,1,0.00176993801142089,1,kis,CR
0,2,9,23,2,0.00167949902242981,1,kis,HI
1,2,0,11,2,0.00215327099431306,1,kis,HI
0,2,9,11,2,0.00171096401754767,1,kis,HI
0,2,3,11,2,0.00190866299089976,1,kis,HI
1,1,0,35,1,0.00184574100421742,1,kis,CR
0,2,16,35,2,0.00196455098921433,1,kis,HI
0,1,16,23,1,0.00168403098359704,1,kis,CR
1,1,0,11,1,0.00178236598731019,1,kis,CR
0,1,3,35,1,0.0018003869918175,1,kis,CR
1,2,9,11,1,0.0016880460025277,0,kis,MI
0,2,16,11,1,0.00175380700966343,0,kis,MI
1,2,9,35,2,0.00168254697928205,1,kis,HI
0,1,13,23,1,0.00169720200938173,1,kis,CR
1,1,3,23,1,0.00167710101231933,1,kis,CR
1,1,3,35,1,0.00162668799748644,1,kis,CR
0,2,0,11,2,0.00184209999861196,1,kis,HI
0,2,16,23,2,0.00169412497780286,1,kis,HI
1,2,0,23,2,0.00166931800777093,1,kis,HI
0,2,9,35,2,0.00171539702569135,1,kis,HI
0,1,16,23,1,0.00165931001538411,1,kis,CR
1,2,3,35,2,0.00173603600705974,1,kis,HI
0,1,0,23,1,0.00165842502610758,1,kis,CR
1,2,9,11,2,0.00161458700313233,1,kis,HI
0,2,0,35,2,0.00172488001408055,1,kis,HI
1,2,16,23,2,0.00165898699196987,1,kis,HI
0,1,16,11,1,0.00166201000683941,1,kis,CR
0,2,16,11,2,0.00178584197419696,1,kis,HI
1,1,0,11,1,0.00167718299780972,1,kis,CR
0,1,16,11,1,0.00164839701028541,1,kis,CR
1,1,16,23,1,0.00166002500918694,1,kis,CR
1,2,3,11,1,0.00165592899429612,0,kis,MI
1,2,16,35,2,0.00171536201378331,1,kis,HI
0,2,16,35,2,0.00166556000476703,1,kis,HI
1,2,3,35,2,0.00183878699317575,1,kis,HI
0,1,9,23,1,0.0016769889916759,1,kis,CR
1,1,9,23,1,0.00171738400240429,1,kis,CR
1,2,13,23,2,0.0016905200027395,1,kis,HI
1,2,16,35,2,0.00164461199892685,1,kis,HI
0,1,13,11,1,0.00213503499981016,1,kis,CR
0,1,3,11,1,0.00165951400413178,1,kis,CR
0,1,16,23,1,0.00163506899843924,1,kis,CR
0,1,16,11,1,0.00168337198556401,1,kis,CR
1,1,13,11,1,0.00164863601094112,1,kis,CR
0,2,16,35,2,0.00169150999863632,1,kis,HI
1,1,0,11,1,0.00166035100119188,1,kis,CR
0,1,13,23,1,0.00169024200295098,1,kis,CR
1,2,13,11,1,0.00167241800227202,0,kis,MI
1,2,0,35,2,0.0016514629824087,1,kis,HI
0,2,16,35,2,0.00174234999576584,1,kis,HI
0,1,0,23,2,0.00187608899432234,0,kis,FA
1,1,9,35,1,0.00163675801013596,1,kis,CR
0,2,13,11,2,0.00179188000038266,1,kis,HI
0,1,16,35,2,0.00168043101439252,0,kis,FA
1,1,16,11,1,0.00165317900246009,1,kis,CR
0,2,16,11,2,0.00173482298851013,1,kis,HI
1,2,16,23,2,0.00178799999412149,1,kis,HI
1,1,16,11,1,0.00163342701853253,1,kis,CR
1,2,0,11,1,0.00162325901328586,0,kis,MI
1,1,16,35,1,0.00167052599135786,1,kis,CR
1,1,9,23,1,0.00165671401191503,1,kis,CR
0,2,9,11,2,0.00168060397845693,1,kis,HI
0,2,0,23,2,0.0017450790037401,1,kis,HI
0,1,13,23,1,0.00170085899299011,1,kis,CR
1,1,9,23,1,0.00172414601547644,1,kis,CR
1,1,16,11,1,0.0018063860188704,1,kis,CR
1,2,0,23,2,0.00166627499856986,1,kis,HI
1,2,16,23,2,0.00179132400080562,1,kis,HI
0,2,16,23,2,0.00176681001903489,1,kis,HI
0,1,13,11,1,0.00165357699734159,1,kis,CR
1,2,3,23,2,0.00168822798877954,1,kis,HI
0,1,3,23,2,0.00170193600933999,0,kis,FA
0,2,3,23,2,0.00166745399474166,1,kis,HI
1,1,13,23,1,0.00166372099192813,1,kis,CR
0,1,0,11,2,0.0017021409876179,0,kis,FA
1,1,9,11,1,0.00169030399410985,1,kis,CR
0,2,13,23,2,0.00181323001743294,1,kis,HI
0,2,16,23,2,0.00169958602054976,1,kis,HI
0,2,9,23,2,0.00170317100128159,1,kis,HI
1,1,16,11,1,0.00174337497446686,1,kis,CR
0,1,16,11,1,0.00163290699128993,1,kis,CR
1,2,3,35,2,0.00176817699684761,1,kis,HI
0,1,16,23,2,0.00170055500348099,0,kis,FA
0,1,9,11,1,0.00165592299890704,1,kis,CR
0,1,16,23,1,0.00162552398978733,1,kis,CR
1,1,16,23,1,0.00167824700474739,1,kis,CR
0,2,9,35,2,0.00187603197991848,1,kis,HI
0,1,13,35,2,0.00166730102500878,0,kis,FA
1,1,16,35,1,0.00164116200176068,1,kis,CR
0,1,0,11,1,0.00165722699603066,1,kis,CR
1,1,13,35,1,0.00162752997130156,1,kis,CR
1,2,16,23,2,0.00333853499614634,1,kis,HI
1,2,3,23,2,0.00442418898455799,1,kis,HI
1,2,0,23,2,0.00226141299935989,1,kis,HI
0,1,0,23,1,0.00210220998269506,1,kis,CR
1,1,16,11,2,0.00185972198960371,0,kis,FA
1,2,16,35,2,0.0017980050179176,1,kis,HI
1,2,16,23,2,0.00198679199093021,1,kis,HI
0,1,16,11,1,0.00178270999458618,1,kis,CR
0,1,9,11,1,0.00171738400240429,1,kis,CR
0,2,16,23,1,0.0018917870183941,0,kis,MI
0,2,16,35,2,0.00174859099206515,1,kis,HI
1,1,3,23,1,0.00172285499866121,1,kis,CR
0,1,16,23,1,0.00178863998735324,1,kis,CR
0,2,13,11,2,0.00186587800271809,1,kis,HI
1,1,13,23,1,0.00178831600351259,1,kis,CR
0,1,16,35,1,0.0017957870149985,1,kis,CR
0,1,0,23,1,0.00170708002406172,1,kis,CR
0,2,16,35,2,0.0019184089906048,1,kis,HI
1,2,13,23,2,0.00171322000096552,1,kis,HI
0,1,13,11,2,0.00171845100703649,0,kis,FA
0,2,0,23,2,0.00198989699129015,1,kis,HI
1,2,0,35,2,0.00178932101698592,1,kis,HI
0,1,13,23,1,0.00185547399451025,1,kis,CR
1,1,0,11,1,0.0019192949985154,1,kis,CR
1,1,0,11,1,0.00167440998484381,1,kis,CR
0,2,16,35,2,0.00168843101710081,1,kis,HI
1,2,16,23,2,0.0018235579773318,1,kis,HI
0,2,3,35,2,0.00222242900053971,1,kis,HI
0,1,9,35,1,0.00204026899882592,1,kis,CR
0,2,9,11,2,0.00201020401436836,1,kis,HI
1,1,0,23,1,0.00172304399893619,1,kis,CR
0,1,3,23,1,0.00190401100553572,1,kis,CR
1,2,3,11,1,0.00181362201692536,0,kis,MI
0,1,16,35,1,0.00177555801928975,1,kis,CR
0,1,0,35,1,0.00186404399573803,1,kis,CR
1,1,9,35,1,0.00173903000541031,1,kis,CR
1,1,13,23,1,0.00170331000117585,1,kis,CR
1,2,13,11,1,0.00171115100965835,0,kis,MI
0,1,3,23,2,0.00174295500619337,0,kis,FA
0,2,3,11,1,0.00195716501912102,0,kis,MI
0,2,13,35,2,0.00182285800110549,1,kis,HI
0,1,3,35,1,0.00183353299507871,1,kis,CR
1,1,0,35,1,0.00220116699347273,1,kis,CR
0,2,0,35,2,0.00184544498915784,1,kis,HI
1,1,9,35,2,0.00190771999768913,0,kis,FA
1,2,0,11,2,0.00179421500070021,1,kis,HI
1,2,9,23,2,0.00170572401839308,1,kis,HI
1,1,16,23,1,0.00194077799096704,1,kis,CR
0,1,16,11,1,0.00202725498820655,1,kis,CR
1,1,0,23,1,0.00175606898847036,1,kis,CR
1,1,0,11,1,0.00194428800023161,1,kis,CR
1,1,16,35,1,0.00204766099341214,1,kis,CR
1,2,16,35,2,0.00175603400566615,1,kis,HI
1,1,16,11,1,0.00168498200946487,1,kis,CR
0,2,13,23,2,0.00185371699626558,1,kis,HI
0,1,9,23,1,0.00181797699769959,1,kis,CR
1,1,16,11,1,0.00171393499476835,1,kis,CR
0,2,3,23,2,0.00173411599826068,1,kis,HI
0,1,16,11,1,0.00190361199202016,1,kis,CR
1,1,16,23,1,0.00200170199968852,1,kis,CR
0,1,13,23,1,0.00219865600229241,1,kis,CR
1,1,13,23,1,0.00202871797955595,1,kis,CR
0,2,16,11,1,0.00181453500408679,0,kis,MI
0,2,13,23,1,0.00213455100310966,0,kis,MI
1,1,3,35,1,0.00201351998839527,1,kis,CR
0,1,0,35,1,0.00175775898969732,1,kis,CR
1,1,3,11,1,0.00179538101656362,1,kis,CR
0,2,16,35,2,0.00170919799711555,1,kis,HI
1,2,16,23,2,0.00175262900302187,1,kis,HI
1,2,3,35,2,0.00184586900286376,1,kis,HI
0,1,16,23,1,0.00194837700109929,1,kis,CR
0,1,0,11,1,0.00173715598066337,1,kis,CR
0,2,16,23,2,0.00202744101989083,1,kis,HI
0,2,3,23,2,0.00195207798969932,1,kis,HI
1,2,16,35,2,0.00198277400340885,1,kis,HI
0,2,16,11,2,0.0019496789900586,1,kis,HI
0,1,13,11,1,0.0017975429946091,1,kis,CR
1,1,3,35,1,0.00208934300462715,1,kis,CR
0,1,9,23,1,0.00176467001438141,1,kis,CR
0,2,9,35,2,0.0018668910197448,1,kis,HI
1,2,16,11,1,0.00174616900039837,0,kis,MI
0,2,9,35,2,0.00215918899630196,1,kis,HI
1,2,16,23,2,0.00190544000361115,1,kis,HI
1,1,16,23,1,0.00175227399449795,1,kis,CR
0,2,3,11,1,0.00212166100391187,0,kis,MI
1,2,0,23,1,0.00175951901474036,0,kis,MI
1,2,3,23,2,0.00195203197654337,1,kis,HI
1,1,9,23,1,0.00199705798877403,1,kis,CR
0,1,0,23,1,0.00214706800761633,1,kis,CR
0,2,3,35,2,0.00191147101577371,1,kis,HI
1,1,3,23,1,0.00197719602147117,1,kis,CR
0,1,16,35,1,0.00188987501314841,1,kis,CR
1,1,16,11,1,0.00202443799935281,1,kis,CR
1,2,0,11,1,0.00168565000058152,0,kis,MI
0,2,9,11,1,0.00170005299150944,0,kis,MI
1,2,9,11,1,0.00221844299812801,0,kis,MI
0,2,0,35,2,0.00189845499699004,1,kis,HI
0,2,13,35,2,0.00193162899813615,1,kis,HI
0,2,9,23,1,0.00226230599218979,0,kis,MI
1,2,13,35,2,0.00191589997848496,1,kis,HI
1,1,16,35,1,0.00170466798590496,1,kis,CR
1,1,13,11,1,0.00176354800350964,1,kis,CR
1,2,13,11,1,0.00172712601488456,0,kis,MI
1,2,9,23,2,0.001692815014394,1,kis,HI
0,1,13,11,1,0.00196221398073249,1,kis,CR
1,2,9,35,2,0.00168889597989619,1,kis,HI
0,2,9,11,1,0.00188482800149359,0,kis,MI
0,2,13,35,2,0.00168090799706988,1,kis,HI
1,2,9,11,2,0.00179251001100056,1,kis,HI
1,2,3,11,1,0.0021069259964861,0,kis,MI
0,2,16,23,2,0.00172625898267142,1,kis,HI
1,2,13,23,2,0.00175165498512797,1,kis,HI
0,2,16,11,1,0.00175274201319553,0,kis,MI
0,2,16,35,2,0.0017561559798196,1,kis,HI
0,1,3,11,2,0.00186561301234178,0,kis,FA
0,1,0,35,1,0.0021071580122225,1,kis,CR
0,2,16,35,2,0.00204982300056145,1,kis,HI
1,2,3,23,2,0.00167985100415535,1,kis,HI
1,2,9,11,1,0.00170460500521585,0,kis,MI
1,2,13,11,1,0.00169105900567956,0,kis,MI
1,1,16,11,1,0.00169484701473266,1,kis,CR
1,2,16,35,2,0.00177789200097322,1,kis,HI
1,1,16,23,1,0.00171290899743326,1,kis,CR
1,2,16,11,1,0.00169976401957683,0,kis,MI
0,1,9,23,1,0.00202008400810882,1,kis,CR
0,1,9,35,1,0.00185704001341946,1,kis,CR
1,2,0,35,2,0.00187030699453317,1,kis,HI
1,1,13,11,1,0.00205626600654796,1,kis,CR
0,1,3,35,1,0.00233028997899964,1,kis,CR
0,2,3,35,2,0.00187385000754148,1,kis,HI
1,1,16,23,1,0.00164362898794934,1,kis,CR
0,1,3,11,1,0.00166934300796129,1,kis,CR
0,2,13,11,1,0.00207071300246753,0,kis,MI
0,2,16,23,2,0.00176834702142514,1,kis,HI
1,1,16,35,1,0.00171506300102919,1,kis,CR
1,2,16,11,1,0.0019622590043582,0,kis,MI
0,1,16,23,1,0.00182541902177036,1,kis,CR
0,2,9,23,2,0.00184079899918288,1,kis,HI
1,1,13,35,1,0.0016787460190244,1,kis,CR
1,2,3,35,2,0.00166167799034156,1,kis,HI
1,2,13,23,1,0.00169187699793838,0,kis,MI
0,1,13,35,1,0.00171205701190047,1,kis,CR
1,1,16,35,1,0.0018197069875896,1,kis,CR
0,1,3,35,1,0.00172048999229446,1,kis,CR
1,1,0,35,1,0.00164470099844038,1,kis,CR
0,2,0,23,2,0.00167538999812678,1,kis,HI
1,1,3,11,1,0.0017044429841917,1,kis,CR
0,1,16,23,1,0.00183094799285755,1,kis,CR
1,2,0,11,2,0.00176994799403474,1,kis,HI
0,2,3,11,1,0.0017462239775341,0,kis,MI
0,1,0,11,1,0.00170191301731393,1,kis,CR
1,1,3,35,1,0.00171299302019179,1,kis,CR
1,1,9,11,1,0.00162714900216088,1,kis,CR
0,2,0,11,2,0.00168229002156295,1,kis,HI
1,2,9,35,2,0.00167764897923917,1,kis,HI
1,1,16,35,1,0.00162281599477865,1,kis,CR
1,1,0,23,2,0.00169050699332729,0,kis,FA
0,1,9,11,1,0.00173667399212718,1,kis,CR
1,1,3,11,1,0.00208431799546815,1,kis,CR
1,2,16,11,1,0.0016534119786229,0,kis,MI
1,2,3,35,2,0.00165866300812922,1,kis,HI
0,1,16,11,1,0.00175230100285262,1,kis,CR
1,2,3,11,1,0.00173266098136082,0,kis,MI
0,2,0,35,2,0.00167393998708576,1,kis,HI
0,2,0,11,2,0.00171923398738727,1,kis,HI
1,2,9,35,2,0.00166271199123003,1,kis,HI
0,1,3,11,2,0.0016930430138018,0,kis,FA
0,1,16,23,2,0.00225453401799314,0,kis,FA
0,2,0,23,2,0.00169015198480338,1,kis,HI
1,1,9,35,1,0.00168056899565272,1,kis,CR
1,1,3,23,1,0.00194018500042148,1,kis,CR
1,2,9,23,2,0.00203564201365225,1,kis,HI
1,2,16,35,2,0.00164618500275537,1,kis,HI
0,2,0,11,2,0.00166586900013499,1,kis,HI
0,2,16,11,1,0.0016259319963865,0,kis,MI
0,2,13,11,1,0.00186110899085179,0,kis,MI
0,1,9,11,1,0.00168193198624067,1,kis,CR
1,2,16,35,2,0.00171244199736975,1,kis,HI
0,1,16,11,1,0.0016957430052571,1,kis,CR
1,1,16,23,1,0.0020232159877196,1,kis,CR
0,2,16,11,1,0.00169722098507918,0,kis,MI
0,2,16,11,1,0.00165229200501926,0,kis,MI
0,2,3,23,1,0.00172829799703322,0,kis,MI
1,2,0,35,2,0.00168193801073357,1,kis,HI
1,1,9,23,1,0.00164590898202732,1,kis,CR
0,2,9,23,2,0.00171002899878658,1,kis,HI
1,2,16,23,1,0.00165808200836182,0,kis,MI
1,1,13,35,1,0.00166604301193729,1,kis,CR
1,1,13,35,1,0.00163419899763539,1,kis,CR
1,1,16,11,1,0.00166859399178065,1,kis,CR
1,1,13,11,1,0.00166224199347198,1,kis,CR
0,1,13,23,1,0.00165801899856888,1,kis,CR
0,1,16,35,1,0.00164785701781511,1,kis,CR
1,1,9,23,1,0.0016692100034561,1,kis,CR
0,2,16,23,2,0.00167726498330012,1,kis,HI
0,1,3,23,1,0.00174356601200998,1,kis,CR
1,1,16,35,1,0.00193125699297525,1,kis,CR
0,1,16,35,1,0.00168530299561098,1,kis,CR
1,2,16,11,1,0.00166781799634919,0,kis,MI
0,2,9,35,2,0.00175290298648179,1,kis,HI
1,2,16,11,1,0.00162149200332351,0,kis,MI
1,2,0,23,2,0.00168205797672272,1,kis,HI
1,2,13,35,2,0.00163287800387479,1,kis,HI
0,2,16,23,2,0.00170010299189016,1,kis,HI
1,2,13,35,2,0.00167428300483152,1,kis,HI
0,2,13,23,2,0.00182150001637638,1,kis,HI
0,1,16,35,1,0.00166341601288877,1,kis,CR
0,1,16,11,1,0.00173067601281218,1,kis,CR
1,1,0,35,1,0.00165214799926616,1,kis,CR
0,1,13,35,1,0.00179765099892393,1,kis,CR
0,1,16,23,1,0.00182745701749809,1,kis,CR
0,1,13,35,1,0.00163823302136734,1,kis,CR
1,1,9,11,1,0.00163680600235239,1,kis,CR
0,1,9,35,1,0.00166460699983872,1,kis,CR
0,1,0,11,1,0.0016386799979955,1,kis,CR
1,1,9,11,1,0.00175915099680424,1,kis,CR
1,2,9,35,2,0.00336535199312493,1,kis,HI
0,1,9,35,1,0.00438588199904189,1,kis,CR
1,2,0,35,2,0.00319327900069766,1,kis,HI
1,1,0,11,1,0.0021950289956294,1,kis,CR
0,2,13,11,2,0.00198200301383622,1,kis,HI
0,1,16,35,1,0.00218296400271356,1,kis,CR
1,1,3,23,1,0.00224103601067327,1,kis,CR
1,1,16,11,1,0.00177950400393456,1,kis,CR
1,2,16,11,2,0.00169708099565469,1,kis,HI
1,2,9,11,2,0.00212185201235116,1,kis,HI
1,2,13,11,1,0.00179361100890674,0,kis,MI
1,1,0,11,1,0.00212504298542626,1,kis,CR
1,1,3,11,2,0.00194971397286281,0,kis,FA
1,2,16,23,2,0.00200708699412644,1,kis,HI
0,1,3,23,1,0.00172026100335643,1,kis,CR
1,2,0,35,2,0.00172221701359376,1,kis,HI
1,2,13,23,2,0.00186993999523111,1,kis,HI
0,2,0,35,2,0.00173388901748694,1,kis,HI
0,1,0,11,1,0.00175376000697725,1,kis,CR
0,2,16,11,2,0.00177726199035533,1,kis,HI
1,2,0,23,2,0.00175617699278519,1,kis,HI
1,1,16,11,2,0.0017017750069499,0,kis,FA
1,1,16,35,2,0.00177472899667919,0,kis,FA
0,2,16,23,2,0.00171228402177803,1,kis,HI
1,2,13,23,2,0.00170271299430169,1,kis,HI
0,1,16,11,1,0.0017866019916255,1,kis,CR
1,1,9,11,1,0.00176255300175399,1,kis,CR
1,1,16,23,1,0.00205385300796479,1,kis,CR
1,1,13,11,1,0.00202758802333847,1,kis,CR
1,1,16,35,1,0.00177178598823957,1,kis,CR
0,2,9,23,2,0.00174741001683287,1,kis,HI
0,2,16,23,2,0.00190554399159737,1,kis,HI
0,2,13,35,2,0.00201337598264217,1,kis,HI
0,2,0,23,2,0.00172518301405944,1,kis,HI
1,2,3,35,2,0.00175280001712963,1,kis,HI
1,1,13,35,1,0.00173665100010112,1,kis,CR
0,2,9,35,2,0.00197479399503209,1,kis,HI
1,2,3,11,2,0.00203409700770862,1,kis,HI
1,2,16,35,2,0.00168905899045058,1,kis,HI
1,2,16,23,2,0.00183094901149161,1,kis,HI
0,2,3,23,2,0.00175403201137669,1,kis,HI
1,1,16,23,1,0.00171227401006036,1,kis,CR
0,1,0,23,1,0.00169931602431461,1,kis,CR
1,2,9,35,2,0.00177542900200933,1,kis,HI
0,1,0,35,1,0.00213449099101126,1,kis,CR
1,2,3,11,2,0.00171755300834775,1,kis,HI
0,2,3,35,2,0.00193930801469833,1,kis,HI
1,1,0,23,1,0.00179285497870296,1,kis,CR
1,1,16,35,1,0.00171769899316132,1,kis,CR
0,1,13,11,1,0.00177589801023714,1,kis,CR
1,1,16,23,1,0.00174904297455214,1,kis,CR
1,1,16,35,1,0.00176619301782921,1,kis,CR
1,2,0,23,2,0.00182927801506594,1,kis,HI
0,1,9,23,1,0.00193712199688889,1,kis,CR
0,1,9,35,1,0.0017112210043706,1,kis,CR
0,2,16,35,2,0.00170565300504677,1,kis,HI
0,2,16,35,2,0.00221590997534804,1,kis,HI
1,1,13,11,1,0.00207745202351362,1,kis,CR
0,1,16,35,1,0.00164040198433213,1,kis,CR
0,2,0,23,2,0.00184169100248255,1,kis,HI
0,1,3,23,1,0.00203860198962502,1,kis,CR
1,1,13,23,1,0.00173196100513451,1,kis,CR
0,1,13,35,1,0.00173257201095112,1,kis,CR
0,2,3,11,1,0.00166227700538002,0,kis,MI
1,2,9,35,2,0.0018245299870614,1,kis,HI
1,2,9,23,2,0.00194120398373343,1,kis,HI
1,1,0,11,1,0.00184728999738581,1,kis,CR
1,1,3,35,1,0.00187485397327691,1,kis,CR
1,1,3,23,1,0.0017362869984936,1,kis,CR
0,1,0,23,1,0.00169221797841601,1,kis,CR
0,1,13,35,1,0.00190156698226929,1,kis,CR
1,1,0,35,1,0.00197377600125037,1,kis,CR
1,2,3,23,2,0.00176351799746044,1,kis,HI
0,2,16,35,2,0.00189704899094068,1,kis,HI
1,1,16,35,1,0.00182788399979472,1,kis,CR
0,2,16,35,2,0.00174660698394291,1,kis,HI
0,1,16,23,2,0.00171189999673516,0,kis,FA
1,1,16,11,1,0.0017246920033358,1,kis,CR
0,1,13,35,1,0.00192011901526712,1,kis,CR
1,2,16,11,2,0.00181019402225502,1,kis,HI
0,1,3,35,1,0.00169656699290499,1,kis,CR
1,2,16,35,2,0.00198333701700903,1,kis,HI
0,2,3,23,2,0.00179411200224422,1,kis,HI
0,2,13,23,2,0.00181456599966623,1,kis,HI
0,1,16,23,1,0.00198145199101418,1,kis,CR
1,2,0,11,2,0.0020331009873189,1,kis,HI
1,1,9,23,1,0.00187823799205944,1,kis,CR
0,1,0,23,1,0.00179729697993025,1,kis,CR
1,2,16,35,2,0.00191009600530379,1,kis,HI
1,1,9,23,2,0.00188548801816069,0,kis,FA
1,2,13,35,2,0.00208654400194064,1,kis,HI
0,2,16,35,2,0.00170240900479257,1,kis,HI
0,2,3,11,1,0.00181627200799994,0,kis,MI
0,2,13,11,2,0.00192683399654925,1,kis,HI
1,1,3,35,1,0.00174161398899741,1,kis,CR
0,1,9,11,1,0.00168883800506592,1,kis,CR
0,2,16,11,2,0.00168702399241738,1,kis,HI
0,1,13,11,1,0.00204438998480327,1,kis,CR
0,1,0,35,1,0.00174168200464919,1,kis,CR
1,1,0,35,1,0.00176006800029427,1,kis,CR
0,2,3,23,2,0.00177474899101071,1,kis,HI
1,2,0,11,2,0.00183864298742265,1,kis,HI
0,2,9,35,2,0.00178678802330978,1,kis,HI
1,2,13,23,2,0.00169732799986377,1,kis,HI
1,2,16,23,2,0.00206764199538156,1,kis,HI
1,1,9,35,1,0.0017012869939208,1,kis,CR
0,1,16,23,1,0.00179027297417633,1,kis,CR
0,2,16,11,2,0.00172262100386433,1,kis,HI
1,1,9,35,1,0.00169374700635672,1,kis,CR
0,1,9,35,1,0.00233501198817976,1,kis,CR
0,2,13,35,2,0.00200653899810277,1,kis,HI
1,1,16,23,1,0.00200926297111437,1,kis,CR
0,2,9,23,2,0.00207931597833522,1,kis,HI
0,2,0,23,2,0.00227871601236984,1,kis,HI
0,1,0,35,1,0.00170391000574455,1,kis,CR
1,2,13,11,1,0.00178299698745832,0,kis,MI
0,2,13,35,2,0.00168317198404111,1,kis,HI
1,1,16,23,1,0.00202685801195912,1,kis,CR
0,1,3,11,1,0.00175470500835218,1,kis,CR
1,2,3,23,2,0.002002547000302,1,kis,HI
1,1,3,23,1,0.00216036700294353,1,kis,CR
0,2,0,35,2,0.00175423000473529,1,kis,HI
0,1,3,11,1,0.00167215502006002,1,kis,CR
1,1,16,11,1,0.00202090601669624,1,kis,CR
0,1,16,35,1,0.00210149600752629,1,kis,CR
1,2,9,23,2,0.00177873799111694,1,kis,HI
0,1,16,11,1,0.00209646901930682,1,kis,CR
0,2,9,11,2,0.00191732399980538,1,kis,HI
0,1,13,11,1,0.0018968149961438,1,kis,CR
0,1,0,11,1,0.0017701689794194,1,kis,CR
1,1,0,35,1,0.00168248597765341,1,kis,CR
1,1,3,35,1,0.00175901502370834,1,kis,CR
1,2,16,11,2,0.0017473160114605,1,kis,HI
0,1,13,23,1,0.00172918697353452,1,kis,CR
1,2,16,11,1,0.00209017601446249,0,kis,MI
0,1,9,23,1,0.00191229401389137,1,kis,CR
1,1,9,23,1,0.00169086499954574,1,kis,CR
0,1,16,35,1,0.00170788101968355,1,kis,CR
0,1,16,11,1,0.00170890000299551,1,kis,CR
0,2,9,11,2,0.00168515302357264,1,kis,HI
1,2,13,35,2,0.00169132399605587,1,kis,HI
0,1,16,35,1,0.00175244401907548,1,kis,CR
0,2,3,11,2,0.00166003100457601,1,kis,HI
1,2,3,23,2,0.00174460798734799,1,kis,HI
1,1,9,35,1,0.00185795599827543,1,kis,CR
1,2,3,35,2,0.00171324401162565,1,kis,HI
0,2,16,35,2,0.00166850900859572,1,kis,HI
1,2,13,11,2,0.00178451399551705,1,kis,HI
1,2,16,11,2,0.00172082500648685,1,kis,HI
0,2,0,11,2,0.00170017199707218,1,kis,HI
1,2,16,35,2,0.00167868699645624,1,kis,HI
0,1,16,23,1,0.00166865001665428,1,kis,CR
1,1,16,11,1,0.00173990600160323,1,kis,CR
0,2,13,23,2,0.00167386801331304,1,kis,HI
1,2,0,11,2,0.00168225698871538,1,kis,HI
0,2,16,11,2,0.00171241300995462,1,kis,HI
1,1,13,35,1,0.0018676319741644,1,kis,CR
1,2,3,11,1,0.00170840800274163,0,kis,MI
1,1,13,35,1,0.00174188500386663,1,kis,CR
1,2,16,23,1,0.00182734901318327,0,kis,MI
1,2,16,35,2,0.00172200100496411,1,kis,HI
0,1,9,11,1,0.00167000902001746,1,kis,CR
0,2,0,11,2,0.00167677100398578,1,kis,HI
0,1,16,11,1,0.00165098000434227,1,kis,CR
1,1,16,35,1,0.00169175901100971,1,kis,CR
0,2,9,11,2,0.0017580529965926,1,kis,HI
1,1,0,23,1,0.00174231201526709,1,kis,CR
1,2,16,23,2,0.00175280999974348,1,kis,HI
0,2,16,23,1,0.00174767998396419,0,kis,MI
0,2,16,23,2,0.00171312000020407,1,kis,HI
0,2,0,11,2,0.00166493398137391,1,kis,HI
1,2,9,23,2,0.00164377799956128,1,kis,HI
0,1,16,23,1,0.0016698079998605,1,kis,CR
1,1,16,11,1,0.00170087799779139,1,kis,CR
1,1,3,11,1,0.00166486800299026,1,kis,CR
1,2,0,23,2,0.00183144598850049,1,kis,HI
1,2,0,35,2,0.0018574109999463,1,kis,HI
0,1,13,23,1,0.00167153900838457,1,kis,CR
0,1,13,23,1,0.0016592179890722,1,kis,CR
0,2,13,23,2,0.00167442898964509,1,kis,HI
1,1,0,23,1,0.00167428498389199,1,kis,CR
0,1,16,11,1,0.00169679400278255,1,kis,CR
0,1,3,35,1,0.00187851200462319,1,kis,CR
1,2,9,11,1,0.00165139799355529,0,kis,MI
1,1,13,23,1,0.00168952401145361,1,kis,CR
0,2,16,23,2,0.00188439598423429,1,kis,HI
1,2,16,11,1,0.00165036099497229,0,kis,MI
0,2,9,35,2,0.00167564899311401,1,kis,HI
1,2,16,23,2,0.00187124998774379,1,kis,HI
1,1,13,23,1,0.00168479801504873,1,kis,CR
0,1,0,11,1,0.00173748200177215,1,kis,CR
1,2,3,35,2,0.00165234101586975,1,kis,HI
0,2,16,11,2,0.00166783400345594,1,kis,HI
1,1,3,11,1,0.00183492101496086,1,kis,CR
0,2,16,23,2,0.00189704401418567,1,kis,HI
0,1,3,11,1,0.00167886499548331,1,kis,CR
0,2,16,11,2,0.00166840100428089,1,kis,HI
0,1,3,35,1,0.00166967397672124,1,kis,CR
0,2,0,35,2,0.00182888298877515,1,kis,HI
0,2,9,23,2,0.00166486299713142,1,kis,HI
1,2,9,11,2,0.00168124999618158,1,kis,HI
1,2,16,35,2,0.00165762301185168,1,kis,HI
0,2,3,35,2,0.00166451200493611,1,kis,HI
1,2,13,35,2,0.00178626598790288,1,kis,HI
1,1,16,23,1,0.00165493402164429,1,kis,CR
1,1,13,11,1,0.00184654199983925,1,kis,CR
0,1,9,11,1,0.00172582099912688,1,kis,CR
0,1,16,11,1,0.00167150999186561,1,kis,CR
0,2,3,35,2,0.0016804350016173,1,kis,HI
1,1,9,11,1,0.00165680100326426,1,kis,CR
0,1,9,23,1,0.00178678298834711,1,kis,CR
0,2,13,11,2,0.00166958998306654,1,kis,HI
0,1,16,23,1,0.0016634969797451,1,kis,CR
0,1,16,35,1,0.00175565897370689,1,kis,CR
1,1,9,11,1,0.00167299498571083,1,kis,CR
0,1,3,23,1,0.00168213999131694,1,kis,CR
0,2,16,23,2,0.0038201909919735,1,kis,HI
1,1,0,11,1,0.00449973699869588,1,kis,CR
1,2,9,11,2,0.00317890199949034,1,kis,HI
0,1,16,11,1,0.00215533899608999,1,kis,CR
1,2,13,11,2,0.00209573400206864,1,kis,HI
0,2,9,11,2,0.00176177901448682,1,kis,HI
0,1,9,23,1,0.00196569302352145,1,kis,CR
1,2,16,11,2,0.00188959398656152,1,kis,HI
0,1,13,11,2,0.00194339200970717,0,kis,FA
0,1,0,11,1,0.00199581499327905,1,kis,CR
0,1,16,23,1,0.00190458502038382,1,kis,CR
1,2,16,11,1,0.00198977999389172,0,kis,MI
1,1,3,11,1,0.00191940498189069,1,kis,CR
1,2,16,23,2,0.00187005600309931,1,kis,HI
1,1,9,35,1,0.0019324519962538,1,kis,CR
0,1,9,11,1,0.00205708100111224,1,kis,CR
0,2,16,35,2,0.00196191697614267,1,kis,HI
1,2,16,11,2,0.00194367600488476,1,kis,HI
0,1,16,11,1,0.00168702998780645,1,kis,CR
1,1,16,23,1,0.00177231398993172,1,kis,CR
0,1,16,35,1,0.001846992992796,1,kis,CR
0,2,3,23,2,0.00174763999530114,1,kis,HI
0,2,0,11,2,0.00233963600476272,1,kis,HI
1,1,3,11,1,0.00207226400380023,1,kis,CR
0,2,3,35,2,0.00182924498221837,1,kis,HI
1,1,13,11,1,0.00194833002751693,1,kis,CR
1,2,9,23,2,0.00172715799999423,1,kis,HI
1,2,13,23,2,0.0017107370076701,1,kis,HI
0,1,3,35,1,0.00198063597781584,1,kis,CR
0,1,0,35,1,0.00199238100321963,1,kis,CR
1,2,13,23,2,0.00214811199111864,1,kis,HI
0,2,16,35,2,0.00204213298275135,1,kis,HI
0,1,16,23,1,0.00176931999158114,1,kis,CR
1,1,3,35,1,0.00174848100868985,1,kis,CR
1,2,9,11,2,0.00198386400006711,1,kis,HI
0,1,16,35,1,0.00179901899537072,1,kis,CR
0,2,0,35,2,0.00167461798992008,1,kis,HI
0,1,3,23,1,0.00180640100734308,1,kis,CR
0,2,0,23,2,0.00183734900201671,1,kis,HI
0,2,3,23,2,0.00176539501990192,1,kis,HI
1,1,16,11,1,0.00168709602439776,1,kis,CR
0,2,16,11,2,0.00179016098263673,1,kis,HI
1,1,3,23,1,0.00270867501967587,1,kis,CR
1,1,9,35,1,0.00193925798521377,1,kis,CR
0,2,0,23,2,0.00187401298899204,1,kis,HI
1,1,13,23,1,0.00195013600750826,1,kis,CR
0,1,0,35,1,0.00206103900563903,1,kis,CR
0,1,9,35,1,0.0017732510168571,1,kis,CR
0,1,0,11,1,0.00179877498885617,1,kis,CR
1,2,16,35,2,0.00175994599703699,1,kis,HI
1,2,0,11,1,0.00183191799442284,0,kis,MI
1,2,16,11,2,0.00173024300602265,1,kis,HI
1,1,13,23,1,0.00202118698507547,1,kis,CR
1,1,16,11,1,0.00171618699096143,1,kis,CR
1,2,3,11,1,0.00173153297509998,0,kis,MI
1,2,9,35,2,0.00174445597804151,1,kis,HI
1,2,16,23,2,0.00190939698950388,1,kis,HI
1,1,16,11,1,0.00172479200409725,1,kis,CR
0,2,16,23,2,0.00197192601626739,1,kis,HI
0,1,3,23,1,0.00174023400177248,1,kis,CR
0,2,16,23,2,0.00185531302122399,1,kis,HI
1,2,9,35,2,0.00197995701455511,1,kis,HI
1,2,13,35,2,0.00175175399635918,1,kis,HI
1,1,13,35,1,0.00172371199005283,1,kis,CR
0,2,3,11,2,0.00194328802172095,1,kis,HI
0,1,16,11,1,0.00189616900752299,1,kis,CR
0,1,0,11,1,0.00181691002217121,1,kis,CR
1,1,9,23,1,0.00189241400221363,1,kis,CR
0,2,16,35,2,0.00170112299383618,1,kis,HI
0,2,9,23,2,0.00206083001103252,1,kis,HI
0,2,16,11,2,0.00215725999441929,1,kis,HI
1,2,3,23,2,0.0017210670048371,1,kis,HI
0,1,0,35,1,0.00199419900309294,1,kis,CR
0,1,9,35,1,0.00176230500801466,1,kis,CR
1,2,0,23,2,0.00206923799123615,1,kis,HI
1,2,3,23,2,0.0017932599876076,1,kis,HI
1,1,0,35,1,0.00165567500516772,1,kis,CR
0,1,3,11,1,0.00186603798647411,1,kis,CR
0,2,13,23,2,0.00170443201204762,1,kis,HI
0,1,3,35,1,0.0017575929814484,1,kis,CR
1,2,16,23,2,0.00217805500142276,1,kis,HI
0,1,13,23,1,0.00176931900205091,1,kis,CR
0,2,16,23,2,0.00176732201362029,1,kis,HI
1,1,16,35,1,0.0020774090080522,1,kis,CR
0,1,16,35,2,0.00168215000303462,0,kis,FA
0,2,9,35,2,0.00173695600824431,1,kis,HI
0,2,0,35,2,0.00184128899127245,1,kis,HI
1,1,16,23,1,0.00169796700356528,1,kis,CR
0,2,9,11,2,0.00177239501499571,1,kis,HI
1,1,0,11,1,0.00169922999339178,1,kis,CR
0,1,16,35,1,0.00178130602580495,1,kis,CR
0,2,13,35,2,0.00189553899690509,1,kis,HI
0,1,0,23,1,0.00172279900289141,1,kis,CR
0,1,9,35,1,0.00165413998183794,1,kis,CR
0,2,3,11,2,0.00198314400040545,1,kis,HI
0,2,13,23,2,0.0021014700178057,1,kis,HI
1,2,16,35,2,0.00197604799177498,1,kis,HI
1,2,3,35,2,0.00174197100568563,1,kis,HI
1,2,16,11,1,0.00178090101690032,0,kis,MI
0,2,16,35,2,0.00194349201046862,1,kis,HI
0,2,3,23,2,0.00169743999140337,1,kis,HI
0,1,3,23,1,0.00179734200355597,1,kis,CR
1,2,9,23,2,0.0020878899958916,1,kis,HI
1,1,16,35,1,0.00204866001149639,1,kis,CR
0,2,16,35,2,0.00172929101972841,1,kis,HI
0,1,16,23,1,0.00163149999571033,1,kis,CR
0,1,9,11,1,0.00192851599422283,1,kis,CR
0,1,9,23,1,0.0018540570163168,1,kis,CR
1,1,13,11,1,0.00173863398958929,1,kis,CR
1,2,13,23,2,0.00176591798663139,1,kis,HI
1,2,16,11,2,0.00178538600448519,1,kis,HI
0,1,16,35,1,0.0017558179970365,1,kis,CR
0,1,16,23,2,0.00214166400837712,0,kis,FA
1,1,9,35,1,0.00180599099257961,1,kis,CR
1,2,9,11,2,0.00173682000604458,1,kis,HI
1,1,9,23,1,0.00180939200799912,1,kis,CR
1,2,9,23,2,0.00177302098018117,1,kis,HI
1,1,16,23,1,0.00181268199230544,1,kis,CR
0,2,16,35,2,0.00200799200683832,1,kis,HI
1,2,16,35,2,0.00204102700809017,1,kis,HI
0,1,16,35,1,0.00174815399805084,1,kis,CR
1,2,16,35,2,0.00213726397487335,1,kis,HI
1,1,0,23,1,0.00168883899459615,1,kis,CR
0,2,0,11,2,0.00169753699447028,1,kis,HI
1,2,3,11,2,0.00183024498983286,1,kis,HI
1,2,16,23,2,0.0022307840117719,1,kis,HI
1,1,13,35,1,0.00180166598875076,1,kis,CR
1,1,13,35,1,0.00187448799260892,1,kis,CR
0,2,13,23,2,0.00197858200408518,1,kis,HI
1,1,16,23,1,0.00208244498935528,1,kis,CR
0,1,16,11,2,0.00177626000368036,0,kis,FA
1,2,3,11,2,0.00212806000490673,1,kis,HI
0,2,9,23,2,0.00216140801785514,1,kis,HI
0,2,13,35,2,0.00232411499018781,1,kis,HI
1,1,9,11,1,0.00174639601027593,1,kis,CR
1,1,16,11,1,0.00207054600468837,1,kis,CR
1,2,9,35,2,0.0017484609852545,1,kis,HI
1,1,0,11,1,0.0020219570142217,1,kis,CR
0,1,0,23,1,0.002218545996584,1,kis,CR
0,1,13,23,2,0.00170699699083343,0,kis,FA
1,2,13,35,2,0.00170666500343941,1,kis,HI
0,1,13,23,1,0.00199291598983109,1,kis,CR
1,2,0,35,2,0.00206638599047437,1,kis,HI
1,1,16,23,1,0.0017884430126287,1,kis,CR
1,1,16,35,1,0.00174722899100743,1,kis,CR
0,1,13,35,1,0.00167437398340553,1,kis,CR
1,1,13,23,1,0.00166204597917385,1,kis,CR
0,1,16,11,1,0.00178498899913393,1,kis,CR
0,2,16,11,1,0.00168551501701586,0,kis,MI
0,2,9,23,2,0.00175008299993351,1,kis,HI
1,2,0,23,2,0.00172242498956621,1,kis,HI
0,1,9,11,1,0.00186043800204061,1,kis,CR
0,2,16,23,2,0.00175534200388938,1,kis,HI
1,2,13,11,2,0.0016924969968386,1,kis,HI
1,1,9,11,1,0.00165715499315411,1,kis,CR
1,1,16,35,1,0.00169860100140795,1,kis,CR
0,1,13,35,1,0.00167006999254227,1,kis,CR
1,1,16,11,1,0.00171018799301237,1,kis,CR
0,1,16,23,1,0.00173416201141663,1,kis,CR
0,1,9,23,1,0.00173427199479192,1,kis,CR
0,2,13,35,2,0.00169012299738824,1,kis,HI
0,2,16,23,2,0.00176122001721524,1,kis,HI
0,1,3,11,1,0.00174069701461121,1,kis,CR
1,2,0,35,2,0.00168862397549674,1,kis,HI
0,2,3,35,1,0.00166950700804591,0,kis,MI
1,1,3,35,1,0.00166241600527428,1,kis,CR
0,2,16,11,2,0.00170007601263933,1,kis,HI
1,2,0,35,2,0.00167999099357985,1,kis,HI
0,2,3,11,2,0.00175927998498082,1,kis,HI
1,2,0,11,1,0.00164634498651139,0,kis,MI
1,1,0,35,1,0.00173888498102315,1,kis,CR
1,2,16,35,2,0.00171979199512862,1,kis,HI
0,2,0,11,1,0.00181055700522847,0,kis,MI
0,2,0,35,2,0.0017591159848962,1,kis,HI
0,2,9,35,2,0.00169546398683451,1,kis,HI
1,2,3,23,2,0.00167555001098663,1,kis,HI
1,1,16,35,1,0.00164177099941298,1,kis,CR
0,2,9,35,2,0.00173498000367545,1,kis,HI
0,1,13,11,1,0.001695512997685,1,kis,CR
1,1,0,35,1,0.00182018699706532,1,kis,CR
0,1,0,23,1,0.00182610499905422,1,kis,CR
1,2,13,35,2,0.00168896099785343,1,kis,HI
1,1,0,23,1,0.00167516199871898,1,kis,CR
1,2,16,23,1,0.00168408299214207,0,kis,MI
1,1,0,23,1,0.00173832400469109,1,kis,CR
1,2,0,23,2,0.00169727500178851,1,kis,HI
1,2,3,35,2,0.00171409398899414,1,kis,HI
1,1,3,23,1,0.00164835000759922,1,kis,CR
0,1,16,11,1,0.00169961500796489,1,kis,CR
0,2,16,11,2,0.00175418698927388,1,kis,HI
1,1,9,11,1,0.00165751599706709,1,kis,CR
1,1,13,11,1,0.00170546799199656,1,kis,CR
1,2,16,35,2,0.00170674102264456,1,kis,HI
1,2,0,11,2,0.00219656300032511,1,kis,HI
1,1,16,11,1,0.00172600799123757,1,kis,CR
0,2,13,11,2,0.00174290902214125,1,kis,HI
1,1,9,23,1,0.00174196000443771,1,kis,CR
0,2,13,11,2,0.00171487999614328,1,kis,HI
0,1,16,23,2,0.00181534900912084,0,kis,FA
0,1,3,35,1,0.00172647699946538,1,kis,CR
0,1,3,11,1,0.00193591401330195,1,kis,CR
0,2,9,11,2,0.00171448598848656,1,kis,HI
1,2,16,23,2,0.00169793597888201,1,kis,HI
0,1,13,11,1,0.00176997698144987,1,kis,CR
0,2,0,23,2,0.00182367698289454,1,kis,HI
1,1,16,35,2,0.00177000998519361,0,kis,FA
0,2,16,11,2,0.00170550600159913,1,kis,HI
1,2,3,35,1,0.00198219699086621,0,kis,MI
1,1,3,11,1,0.00229277700418606,1,kis,CR
1,1,3,23,1,0.00168369401944801,1,kis,CR
0,2,3,35,2,0.0016617450164631,1,kis,HI
0,2,13,11,1,0.00208990299142897,0,kis,MI
1,1,16,23,1,0.00206910900305957,1,kis,CR
0,1,13,35,1,0.00173738901503384,1,kis,CR
1,2,13,11,1,0.00182118100929074,0,kis,MI
1,1,3,35,1,0.00168628600658849,1,kis,CR
